data_somministrazione,area,fascia_anagrafica,sesso_maschile,sesso_femminile,categoria_operatori_sanitari_sociosanitari,categoria_personale_non_sanitario,categoria_ospiti_rsa
2020-12-27,ABR,16-19,0,0,0,0,0
2020-12-27,ABR,20-29,1,4,5,0,0
2020-12-27,ABR,30-39,5,11,16,0,0
2020-12-27,ABR,40-49,11,19,28,2,0
2020-12-27,ABR,50-59,19,15,31,3,0
2020-12-27,ABR,60-69,33,15,35,13,0
2020-12-27,ABR,70-79,1,0,0,0,1
2020-12-27,ABR,80-89,1,0,0,0,1
2020-12-27,ABR,90+,0,0,0,0,0
2020-12-27,BAS,16-19,0,0,0,0,0
2020-12-27,BAS,20-29,8,11,19,0,0
2020-12-27,BAS,30-39,14,32,46,0,0
2020-12-27,BAS,40-49,17,42,59,0,0
2020-12-27,BAS,50-59,25,25,50,0,0
2020-12-27,BAS,60-69,19,15,34,0,0
2020-12-27,BAS,70-79,0,0,0,0,0
2020-12-27,BAS,80-89,0,0,0,0,0
2020-12-27,BAS,90+,0,0,0,0,0
2020-12-27,CAL,16-19,0,0,0,0,0
2020-12-27,CAL,20-29,13,34,47,0,0
2020-12-27,CAL,30-39,22,22,44,0,0
2020-12-27,CAL,40-49,22,28,50,0,0
2020-12-27,CAL,50-59,46,26,71,1,0
2020-12-27,CAL,60-69,44,17,60,1,0
2020-12-27,CAL,70-79,0,0,0,0,0
2020-12-27,CAL,80-89,0,0,0,0,0
2020-12-27,CAL,90+,0,0,0,0,0
2020-12-27,CAM,16-19,0,0,0,0,0
2020-12-27,CAM,20-29,29,35,61,3,0
2020-12-27,CAM,30-39,63,66,125,4,0
2020-12-27,CAM,40-49,79,86,160,5,0
2020-12-27,CAM,50-59,119,73,188,4,0
2020-12-27,CAM,60-69,128,37,165,0,0
2020-12-27,CAM,70-79,5,0,4,1,0
2020-12-27,CAM,80-89,0,0,0,0,0
2020-12-27,CAM,90+,0,0,0,0,0
2020-12-27,EMR,20-29,86,52,88,49,1
2020-12-27,EMR,30-39,84,56,92,48,0
2020-12-27,EMR,40-49,144,79,127,95,1
2020-12-27,EMR,50-59,216,70,184,102,0
2020-12-27,EMR,60-69,51,98,85,61,3
2020-12-27,EMR,70-79,3,10,2,3,8
2020-12-27,EMR,80-89,6,2,0,0,8
2020-12-27,EMR,90+,5,0,0,0,5
2020-12-27,FVG,16-19,0,0,0,0,0
2020-12-27,FVG,20-29,1,4,5,0,0
2020-12-27,FVG,30-39,9,7,16,0,0
2020-12-27,FVG,40-49,16,34,50,0,0
2020-12-27,FVG,50-59,57,48,105,0,0
2020-12-27,FVG,60-69,63,22,85,0,0
2020-12-27,FVG,70-79,3,1,4,0,0
2020-12-27,FVG,80-89,0,0,0,0,0
2020-12-27,FVG,90+,0,0,0,0,0
2020-12-27,LAZ,16-19,0,0,0,0,0
2020-12-27,LAZ,20-29,18,18,36,0,0
2020-12-27,LAZ,30-39,26,21,47,0,0
2020-12-27,LAZ,40-49,16,17,33,0,0
2020-12-27,LAZ,50-59,20,21,40,1,0
2020-12-27,LAZ,60-69,11,11,22,0,0
2020-12-27,LAZ,70-79,0,0,0,0,0
2020-12-27,LAZ,80-89,0,0,0,0,0
2020-12-27,LAZ,90+,0,0,0,0,0
2020-12-27,LIG,16-19,0,0,0,0,0
2020-12-27,LIG,20-29,6,3,9,0,0
2020-12-27,LIG,30-39,12,12,24,0,0
2020-12-27,LIG,40-49,7,12,19,0,0
2020-12-27,LIG,50-59,16,20,34,1,1
2020-12-27,LIG,60-69,13,4,16,0,1
2020-12-27,LIG,70-79,2,3,0,2,3
2020-12-27,LIG,80-89,2,12,0,0,14
2020-12-27,LIG,90+,1,10,0,0,11
2020-12-27,LOM,16-19,37,13,50,0,0
2020-12-27,LOM,20-29,11,21,32,0,0
2020-12-27,LOM,30-39,35,31,62,4,0
2020-12-27,LOM,40-49,59,74,125,8,0
2020-12-27,LOM,50-59,126,114,235,5,0
2020-12-27,LOM,60-69,175,44,215,4,0
2020-12-27,LOM,70-79,8,5,10,1,2
2020-12-27,LOM,80-89,4,6,1,1,8
2020-12-27,LOM,90+,2,1,1,0,2
2020-12-27,MAR,16-19,0,0,0,0,0
2020-12-27,MAR,20-29,6,8,14,0,0
2020-12-27,MAR,30-39,5,16,21,0,0
2020-12-27,MAR,40-49,10,21,29,2,0
2020-12-27,MAR,50-59,13,23,32,4,0
2020-12-27,MAR,60-69,63,31,92,2,0
2020-12-27,MAR,70-79,0,1,0,0,1
2020-12-27,MAR,80-89,0,2,0,0,2
2020-12-27,MAR,90+,0,1,0,0,1
2020-12-27,MOL,16-19,0,0,0,0,0
2020-12-27,MOL,20-29,0,4,4,0,0
2020-12-27,MOL,30-39,4,5,8,1,0
2020-12-27,MOL,40-49,4,3,7,0,0
2020-12-27,MOL,50-59,5,5,10,0,0
2020-12-27,MOL,60-69,4,0,3,0,1
2020-12-27,MOL,70-79,1,3,0,0,4
2020-12-27,MOL,80-89,0,6,0,0,6
2020-12-27,MOL,90+,2,4,0,0,6
2020-12-27,PAB,16-19,0,0,0,0,0
2020-12-27,PAB,20-29,6,15,21,0,0
2020-12-27,PAB,30-39,11,14,25,0,0
2020-12-27,PAB,40-49,15,23,38,0,0
2020-12-27,PAB,50-59,23,23,46,0,0
2020-12-27,PAB,60-69,8,4,12,0,0
2020-12-27,PAB,70-79,1,0,1,0,0
2020-12-27,PAB,80-89,1,0,1,0,0
2020-12-27,PAB,90+,0,0,0,0,0
2020-12-27,PAT,16-19,0,0,0,0,0
2020-12-27,PAT,20-29,2,3,5,0,0
2020-12-27,PAT,30-39,2,6,8,0,0
2020-12-27,PAT,40-49,6,14,20,0,0
2020-12-27,PAT,50-59,10,19,26,2,1
2020-12-27,PAT,60-69,14,6,18,1,1
2020-12-27,PAT,70-79,3,1,0,0,4
2020-12-27,PAT,80-89,1,8,0,0,9
2020-12-27,PAT,90+,1,4,0,0,5
2020-12-27,PIE,16-19,0,0,0,0,0
2020-12-27,PIE,20-29,25,62,85,2,0
2020-12-27,PIE,30-39,59,81,132,8,0
2020-12-27,PIE,40-49,66,130,177,17,2
2020-12-27,PIE,50-59,103,188,249,39,3
2020-12-27,PIE,60-69,94,37,113,9,9
2020-12-27,PIE,70-79,9,10,1,0,18
2020-12-27,PIE,80-89,5,19,0,0,24
2020-12-27,PIE,90+,5,15,0,0,20
2020-12-27,PUG,16-19,0,0,0,0,0
2020-12-27,PUG,20-29,20,40,60,0,0
2020-12-27,PUG,30-39,34,58,91,1,0
2020-12-27,PUG,40-49,40,44,82,2,0
2020-12-27,PUG,50-59,73,67,132,6,2
2020-12-27,PUG,60-69,93,24,113,1,3
2020-12-27,PUG,70-79,11,7,4,1,13
2020-12-27,PUG,80-89,7,20,0,0,27
2020-12-27,PUG,90+,1,16,0,0,17
2020-12-27,SAR,16-19,0,0,0,0,0
2020-12-27,SAR,20-29,0,5,5,0,0
2020-12-27,SAR,30-39,0,3,3,0,0
2020-12-27,SAR,40-49,3,7,10,0,0
2020-12-27,SAR,50-59,12,8,20,0,0
2020-12-27,SAR,60-69,18,8,26,0,0
2020-12-27,SAR,70-79,1,0,1,0,0
2020-12-27,SAR,80-89,0,0,0,0,0
2020-12-27,SAR,90+,0,0,0,0,0
2020-12-27,SIC,16-19,0,0,0,0,0
2020-12-27,SIC,20-29,8,13,21,0,0
2020-12-27,SIC,30-39,7,8,15,0,0
2020-12-27,SIC,40-49,11,10,19,2,0
2020-12-27,SIC,50-59,18,7,21,0,4
2020-12-27,SIC,60-69,22,7,26,0,3
2020-12-27,SIC,70-79,8,4,3,0,9
2020-12-27,SIC,80-89,2,6,0,0,8
2020-12-27,SIC,90+,0,1,0,0,1
2020-12-27,TOS,16-19,0,0,0,0,0
2020-12-27,TOS,20-29,21,29,50,0,0
2020-12-27,TOS,30-39,50,64,114,0,0
2020-12-27,TOS,40-49,52,99,148,2,1
2020-12-27,TOS,50-59,72,113,174,3,8
2020-12-27,TOS,60-69,62,41,94,4,5
2020-12-27,TOS,70-79,8,1,1,0,8
2020-12-27,TOS,80-89,2,1,0,0,3
2020-12-27,TOS,90+,0,5,0,0,5
2020-12-27,UMB,16-19,0,0,0,0,0
2020-12-27,UMB,20-29,5,6,10,1,0
2020-12-27,UMB,30-39,10,9,18,1,0
2020-12-27,UMB,40-49,8,16,24,0,0
2020-12-27,UMB,50-59,22,20,40,2,0
2020-12-27,UMB,60-69,26,9,29,1,5
2020-12-27,UMB,70-79,3,3,1,0,5
2020-12-27,UMB,80-89,1,5,0,0,6
2020-12-27,UMB,90+,1,0,0,0,1
2020-12-27,VDA,16-19,0,0,0,0,0
2020-12-27,VDA,20-29,0,1,1,0,0
2020-12-27,VDA,30-39,1,0,1,0,0
2020-12-27,VDA,40-49,1,3,4,0,0
2020-12-27,VDA,50-59,4,5,9,0,0
2020-12-27,VDA,60-69,3,2,5,0,0
2020-12-27,VDA,70-79,0,0,0,0,0
2020-12-27,VDA,80-89,0,0,0,0,0
2020-12-27,VDA,90+,0,0,0,0,0
2020-12-27,VEN,16-19 ,0,0,0,0,0
2020-12-27,VEN,20-29 ,22,54,76,0,0
2020-12-27,VEN,30-39 ,66,57,123,0,0
2020-12-27,VEN,40-49 ,51,106,157,0,0
2020-12-27,VEN,50-59 ,122,217,338,1,0
2020-12-27,VEN,60-69 ,132,51,183,0,0
2020-12-27,VEN,70-79 ,2,0,2,0,0
2020-12-27,VEN,80-89 ,0,0,0,0,0
2020-12-27,VEN,90+ ,0,0,0,0,0
2020-12-28,CAL,16-19,0,0,0,0,0
2020-12-28,CAL,20-29,1,0,1,0,0
2020-12-28,CAL,30-39,0,1,1,0,0
2020-12-28,CAL,40-49,0,1,1,0,0
2020-12-28,CAL,50-59,0,1,1,0,0
2020-12-28,CAL,60-69,1,0,1,0,0
2020-12-28,CAL,70-79,0,0,0,0,0
2020-12-28,CAL,80-89,0,0,0,0,0
2020-12-28,CAL,90+,0,0,0,0,0
2020-12-28,LAZ,16-19,0,0,0,0,0
2020-12-28,LAZ,20-29,37,46,83,0,0
2020-12-28,LAZ,30-39,52,49,100,1,0
2020-12-28,LAZ,40-49,41,92,125,8,0
2020-12-28,LAZ,50-59,58,103,159,2,0
2020-12-28,LAZ,60-69,63,26,84,5,0
2020-12-28,LAZ,70-79,0,0,0,0,0
2020-12-28,LAZ,80-89,0,0,0,0,0
2020-12-28,LAZ,90+,0,0,0,0,0
2020-12-28,LIG,16-19,0,0,0,0,0
2020-12-28,LIG,20-29,1,3,4,0,0
2020-12-28,LIG,30-39,4,9,13,0,0
2020-12-28,LIG,40-49,9,14,23,0,0
2020-12-28,LIG,50-59,10,19,29,0,0
2020-12-28,LIG,60-69,5,5,10,0,0
2020-12-28,LIG,70-79,0,0,0,0,0
2020-12-28,LIG,80-89,1,0,0,1,0
2020-12-28,LIG,90+,0,0,0,0,0
2020-12-28,LOM,16-19,0,0,0,0,0
2020-12-28,LOM,20-29,20,20,34,6,0
2020-12-28,LOM,30-39,39,58,86,11,0
2020-12-28,LOM,40-49,40,61,92,9,0
2020-12-28,LOM,50-59,47,60,92,15,0
2020-12-28,LOM,60-69,25,21,34,12,0
2020-12-28,LOM,70-79,0,0,0,0,0
2020-12-28,LOM,80-89,0,0,0,0,0
2020-12-28,LOM,90+,0,0,0,0,0
2020-12-28,PAB,16-19,0,0,0,0,0
2020-12-28,PAB,20-29,0,0,0,0,0
2020-12-28,PAB,30-39,0,0,0,0,0
2020-12-28,PAB,40-49,0,0,0,0,0
2020-12-28,PAB,50-59,0,0,0,0,0
2020-12-28,PAB,60-69,0,0,0,0,0
2020-12-28,PAB,70-79,0,0,0,0,0
2020-12-28,PAB,80-89,0,0,0,0,0
2020-12-28,PAB,90+,0,0,0,0,0
2020-12-28,SAR,16-19,0,0,0,0,0
2020-12-28,SAR,20-29,0,1,1,0,0
2020-12-28,SAR,30-39,3,2,5,0,0
2020-12-28,SAR,40-49,8,11,19,0,0
2020-12-28,SAR,50-59,9,15,24,0,0
2020-12-28,SAR,60-69,5,11,16,0,0
2020-12-28,SAR,70-79,0,0,0,0,0
2020-12-28,SAR,80-89,0,0,0,0,0
2020-12-28,SAR,90+,0,0,0,0,0
2020-12-28,SIC,16-19,0,0,0,0,0
2020-12-28,SIC,20-29,13,13,26,0,0
2020-12-28,SIC,30-39,27,21,48,0,0
2020-12-28,SIC,40-49,22,20,42,0,0
2020-12-28,SIC,50-59,29,16,43,2,0
2020-12-28,SIC,60-69,37,16,53,0,0
2020-12-28,SIC,70-79,0,0,0,0,0
2020-12-28,SIC,80-89,0,0,0,0,0
2020-12-28,SIC,90+,0,0,0,0,0
2020-12-29,LAZ,16-19,0,0,0,0,0
2020-12-29,LAZ,20-29,6,32,38,0,0
2020-12-29,LAZ,30-39,24,35,53,6,0
2020-12-29,LAZ,40-49,22,45,62,5,0
2020-12-29,LAZ,50-59,40,88,124,4,0
2020-12-29,LAZ,60-69,35,20,55,0,0
2020-12-29,LAZ,70-79,2,2,4,0,0
2020-12-29,LAZ,80-89,0,0,0,0,0
2020-12-29,LAZ,90+,0,0,0,0,0
2020-12-29,LIG,16-19,0,0,0,0,0
2020-12-29,LIG,20-29,1,0,1,0,0
2020-12-29,LIG,30-39,9,20,27,2,0
2020-12-29,LIG,40-49,5,17,20,2,0
2020-12-29,LIG,50-59,8,30,38,0,0
2020-12-29,LIG,60-69,6,6,11,1,0
2020-12-29,LIG,70-79,2,3,0,2,3
2020-12-29,LIG,80-89,1,8,0,0,9
2020-12-29,LIG,90+,1,8,0,0,9
2020-12-29,LOM,16-19,1,0,0,1,0
2020-12-29,LOM,20-29,14,22,35,1,0
2020-12-29,LOM,30-39,47,62,103,6,0
2020-12-29,LOM,40-49,38,61,88,11,0
2020-12-29,LOM,50-59,37,80,85,32,0
2020-12-29,LOM,60-69,35,19,46,8,0
2020-12-29,LOM,70-79,0,0,0,0,0
2020-12-29,LOM,80-89,0,0,0,0,0
2020-12-29,LOM,90+,0,0,0,0,0
2020-12-29,SAR,16-19,0,0,0,0,0
2020-12-29,SAR,20-29,2,1,3,0,0
2020-12-29,SAR,30-39,1,2,3,0,0
2020-12-29,SAR,40-49,6,4,10,0,0
2020-12-29,SAR,50-59,8,11,18,1,0
2020-12-29,SAR,60-69,12,3,15,0,0
2020-12-29,SAR,70-79,0,0,0,0,0
2020-12-29,SAR,80-89,0,0,0,0,0
2020-12-29,SAR,90+,0,0,0,0,0
2020-12-29,SIC,16-19,0,0,0,0,0
2020-12-29,SIC,20-29,9,7,16,0,0
2020-12-29,SIC,30-39,27,24,51,0,0
2020-12-29,SIC,40-49,34,22,56,0,0
2020-12-29,SIC,50-59,30,21,51,0,0
2020-12-29,SIC,60-69,46,15,61,0,0
2020-12-29,SIC,70-79,0,0,0,0,0
2020-12-29,SIC,80-89,0,0,0,0,0
2020-12-29,SIC,90+,0,0,0,0,0
2020-12-30,EMR,50-59,1,0,1,0,0
2020-12-30,FVG,16-19,0,0,0,0,0
2020-12-30,FVG,20-29,18,35,49,4,0
2020-12-30,FVG,30-39,54,81,125,10,0
2020-12-30,FVG,40-49,46,114,148,12,0
2020-12-30,FVG,50-59,60,108,159,9,0
2020-12-30,FVG,60-69,57,38,90,5,0
2020-12-30,FVG,70-79,14,2,16,0,0
2020-12-30,FVG,80-89,1,1,2,0,0
2020-12-30,FVG,90+,0,0,0,0,0
2020-12-30,LAZ,16-19,0,0,0,0,0
2020-12-30,LAZ,20-29,52,81,133,0,0
2020-12-30,LAZ,30-39,138,181,318,1,0
2020-12-30,LAZ,40-49,165,281,442,4,0
2020-12-30,LAZ,50-59,163,271,423,11,0
2020-12-30,LAZ,60-69,116,93,197,5,7
2020-12-30,LAZ,70-79,17,20,10,0,27
2020-12-30,LAZ,80-89,4,16,0,0,20
2020-12-30,LAZ,90+,1,5,0,0,6
2020-12-30,LIG,16-19,0,0,0,0,0
2020-12-30,LIG,20-29,1,0,1,0,0
2020-12-30,LIG,30-39,0,1,1,0,0
2020-12-30,LIG,40-49,0,2,2,0,0
2020-12-30,LIG,50-59,4,3,7,0,0
2020-12-30,LIG,60-69,0,1,1,0,0
2020-12-30,LIG,70-79,0,0,0,0,0
2020-12-30,LIG,80-89,0,0,0,0,0
2020-12-30,LIG,90+,0,0,0,0,0
2020-12-30,LOM,16-19,0,0,0,0,0
2020-12-30,LOM,20-29,4,12,13,3,0
2020-12-30,LOM,30-39,10,25,33,2,0
2020-12-30,LOM,40-49,10,17,27,0,0
2020-12-30,LOM,50-59,16,25,37,4,0
2020-12-30,LOM,60-69,4,5,8,1,0
2020-12-30,LOM,70-79,0,0,0,0,0
2020-12-30,LOM,80-89,0,0,0,0,0
2020-12-30,LOM,90+,0,0,0,0,0
2020-12-30,MAR,16-19,0,0,0,0,0
2020-12-30,MAR,20-29,1,3,3,1,0
2020-12-30,MAR,30-39,0,1,1,0,0
2020-12-30,MAR,40-49,1,2,3,0,0
2020-12-30,MAR,50-59,2,6,6,2,0
2020-12-30,MAR,60-69,1,0,1,0,0
2020-12-30,MAR,70-79,0,0,0,0,0
2020-12-30,MAR,80-89,0,0,0,0,0
2020-12-30,MAR,90+,0,0,0,0,0
2020-12-30,PAB,16-19,0,0,0,0,0
2020-12-30,PAB,20-29,23,26,44,5,0
2020-12-30,PAB,30-39,32,56,80,8,0
2020-12-30,PAB,40-49,47,83,123,7,0
2020-12-30,PAB,50-59,39,48,67,20,0
2020-12-30,PAB,60-69,21,7,28,0,0
2020-12-30,PAB,70-79,1,0,1,0,0
2020-12-30,PAB,80-89,0,0,0,0,0
2020-12-30,PAB,90+,0,0,0,0,0
2020-12-30,PIE,16-19,0,0,0,0,0
2020-12-30,PIE,20-29,48,75,118,5,0
2020-12-30,PIE,30-39,62,43,101,4,0
2020-12-30,PIE,40-49,79,101,165,15,0
2020-12-30,PIE,50-59,78,140,199,19,0
2020-12-30,PIE,60-69,53,44,93,4,0
2020-12-30,PIE,70-79,0,0,0,0,0
2020-12-30,PIE,80-89,0,0,0,0,0
2020-12-30,PIE,90+,0,0,0,0,0
2020-12-30,SIC,16-19,0,0,0,0,0
2020-12-30,SIC,20-29,25,14,32,7,0
2020-12-30,SIC,30-39,35,34,69,0,0
2020-12-30,SIC,40-49,29,21,46,4,0
2020-12-30,SIC,50-59,33,15,44,4,0
2020-12-30,SIC,60-69,20,13,30,3,0
2020-12-30,SIC,70-79,0,0,0,0,0
2020-12-30,SIC,80-89,0,0,0,0,0
2020-12-30,SIC,90+,0,0,0,0,0
2020-12-30,TOS,16-19,2,0,0,0,2
2020-12-30,TOS,20-29,9,3,4,0,8
2020-12-30,TOS,30-39,7,8,5,1,9
2020-12-30,TOS,40-49,5,15,6,1,13
2020-12-30,TOS,50-59,15,19,16,2,16
2020-12-30,TOS,60-69,11,9,2,2,16
2020-12-30,TOS,70-79,16,14,1,0,29
2020-12-30,TOS,80-89,22,80,0,0,102
2020-12-30,TOS,90+,9,58,0,0,67
2020-12-30,VEN,16-19 ,0,0,0,0,0
2020-12-30,VEN,20-29 ,14,38,48,4,0
2020-12-30,VEN,30-39 ,46,74,118,2,0
2020-12-30,VEN,40-49 ,57,144,191,10,0
2020-12-30,VEN,50-59 ,67,151,203,15,0
2020-12-30,VEN,60-69 ,45,27,61,7,4
2020-12-30,VEN,70-79 ,4,4,0,0,8
2020-12-30,VEN,80-89 ,10,10,0,0,20
2020-12-30,VEN,90+ ,2,5,0,0,7
2020-12-31,CAM,16-19,0,0,0,0,0
2020-12-31,CAM,20-29,47,77,111,13,0
2020-12-31,CAM,30-39,127,146,239,34,0
2020-12-31,CAM,40-49,170,180,322,28,0
2020-12-31,CAM,50-59,227,183,357,52,1
2020-12-31,CAM,60-69,210,82,245,47,0
2020-12-31,CAM,70-79,24,10,31,3,0
2020-12-31,CAM,80-89,1,0,1,0,0
2020-12-31,CAM,90+,0,0,0,0,0
2020-12-31,EMR,16-19,1,0,0,0,1
2020-12-31,EMR,20-29,172,61,193,34,6
2020-12-31,EMR,30-39,217,169,294,87,5
2020-12-31,EMR,40-49,299,149,317,121,10
2020-12-31,EMR,50-59,342,137,357,112,10
2020-12-31,EMR,60-69,109,177,203,54,29
2020-12-31,EMR,70-79,31,16,4,2,41
2020-12-31,EMR,80-89,102,21,1,0,122
2020-12-31,EMR,90+,88,11,0,1,98
2020-12-31,FVG,16-19,0,0,0,0,0
2020-12-31,FVG,20-29,38,84,88,34,0
2020-12-31,FVG,30-39,89,133,203,19,0
2020-12-31,FVG,40-49,73,179,237,15,0
2020-12-31,FVG,50-59,83,210,280,13,0
2020-12-31,FVG,60-69,84,62,142,4,0
2020-12-31,FVG,70-79,15,2,16,1,0
2020-12-31,FVG,80-89,1,0,1,0,0
2020-12-31,FVG,90+,1,0,1,0,0
2020-12-31,LAZ,16-19,0,0,0,0,0
2020-12-31,LAZ,20-29,132,254,380,5,1
2020-12-31,LAZ,30-39,376,548,906,15,3
2020-12-31,LAZ,40-49,414,755,1110,46,13
2020-12-31,LAZ,50-59,535,869,1346,40,18
2020-12-31,LAZ,60-69,487,307,726,33,35
2020-12-31,LAZ,70-79,26,34,16,1,43
2020-12-31,LAZ,80-89,27,80,0,0,107
2020-12-31,LAZ,90+,6,57,0,0,63
2020-12-31,LIG,16-19,0,0,0,0,0
2020-12-31,LIG,20-29,19,52,70,1,0
2020-12-31,LIG,30-39,49,64,113,0,0
2020-12-31,LIG,40-49,38,115,148,4,1
2020-12-31,LIG,50-59,99,199,278,11,9
2020-12-31,LIG,60-69,92,46,115,5,18
2020-12-31,LIG,70-79,24,23,6,1,40
2020-12-31,LIG,80-89,12,56,0,0,68
2020-12-31,LIG,90+,8,39,0,0,47
2020-12-31,LOM,16-19,0,0,0,0,0
2020-12-31,LOM,20-29,19,32,51,0,0
2020-12-31,LOM,30-39,58,83,134,7,0
2020-12-31,LOM,40-49,58,104,153,9,0
2020-12-31,LOM,50-59,79,157,228,8,0
2020-12-31,LOM,60-69,48,26,72,2,0
2020-12-31,LOM,70-79,1,0,1,0,0
2020-12-31,LOM,80-89,0,0,0,0,0
2020-12-31,LOM,90+,0,0,0,0,0
2020-12-31,MAR,16-19,0,0,0,0,0
2020-12-31,MAR,20-29,5,8,13,0,0
2020-12-31,MAR,30-39,36,42,77,1,0
2020-12-31,MAR,40-49,42,62,104,0,0
2020-12-31,MAR,50-59,38,56,91,3,0
2020-12-31,MAR,60-69,52,43,86,9,0
2020-12-31,MAR,70-79,0,0,0,0,0
2020-12-31,MAR,80-89,0,0,0,0,0
2020-12-31,MAR,90+,0,0,0,0,0
2020-12-31,PAB,16-19,0,0,0,0,0
2020-12-31,PAB,20-29,18,24,36,6,0
2020-12-31,PAB,30-39,34,44,68,10,0
2020-12-31,PAB,40-49,42,70,95,17,0
2020-12-31,PAB,50-59,63,91,127,27,0
2020-12-31,PAB,60-69,43,12,42,13,0
2020-12-31,PAB,70-79,3,0,3,0,0
2020-12-31,PAB,80-89,0,0,0,0,0
2020-12-31,PAB,90+,0,0,0,0,0
2020-12-31,PAT,16-19,0,1,1,0,0
2020-12-31,PAT,20-29,28,75,99,4,0
2020-12-31,PAT,30-39,56,104,151,8,1
2020-12-31,PAT,40-49,49,191,211,25,4
2020-12-31,PAT,50-59,82,233,244,54,17
2020-12-31,PAT,60-69,67,73,92,9,39
2020-12-31,PAT,70-79,55,64,11,1,107
2020-12-31,PAT,80-89,72,174,2,0,244
2020-12-31,PAT,90+,14,156,0,1,169
2020-12-31,PIE,16-19,0,3,3,0,0
2020-12-31,PIE,20-29,113,234,335,12,0
2020-12-31,PIE,30-39,246,372,594,24,0
2020-12-31,PIE,40-49,254,666,853,67,0
2020-12-31,PIE,50-59,384,896,1088,192,0
2020-12-31,PIE,60-69,258,217,406,58,11
2020-12-31,PIE,70-79,20,16,7,0,29
2020-12-31,PIE,80-89,22,35,4,0,53
2020-12-31,PIE,90+,4,36,0,0,40
2020-12-31,PUG,16-19,0,0,0,0,0
2020-12-31,PUG,20-29,88,91,174,5,0
2020-12-31,PUG,30-39,131,155,275,11,0
2020-12-31,PUG,40-49,158,170,313,15,0
2020-12-31,PUG,50-59,160,162,303,18,1
2020-12-31,PUG,60-69,76,65,133,7,1
2020-12-31,PUG,70-79,4,5,4,0,5
2020-12-31,PUG,80-89,1,3,0,0,4
2020-12-31,PUG,90+,0,5,0,0,5
2020-12-31,SAR,16-19,0,0,0,0,0
2020-12-31,SAR,20-29,0,0,0,0,0
2020-12-31,SAR,30-39,1,2,3,0,0
2020-12-31,SAR,40-49,2,3,4,1,0
2020-12-31,SAR,50-59,6,10,12,4,0
2020-12-31,SAR,60-69,6,1,7,0,0
2020-12-31,SAR,70-79,1,0,1,0,0
2020-12-31,SAR,80-89,0,0,0,0,0
2020-12-31,SAR,90+,0,0,0,0,0
2020-12-31,SIC,16-19,2,0,0,2,0
2020-12-31,SIC,20-29,61,71,131,1,0
2020-12-31,SIC,30-39,82,84,165,1,0
2020-12-31,SIC,40-49,96,96,191,1,0
2020-12-31,SIC,50-59,129,98,226,1,0
2020-12-31,SIC,60-69,93,48,138,3,0
2020-12-31,SIC,70-79,6,0,6,0,0
2020-12-31,SIC,80-89,0,0,0,0,0
2020-12-31,SIC,90+,0,0,0,0,0
2020-12-31,TOS,16-19,0,0,0,0,0
2020-12-31,TOS,20-29,5,8,13,0,0
2020-12-31,TOS,30-39,9,16,22,0,3
2020-12-31,TOS,40-49,8,25,23,1,9
2020-12-31,TOS,50-59,19,40,23,2,34
2020-12-31,TOS,60-69,25,45,14,0,56
2020-12-31,TOS,70-79,38,78,0,1,115
2020-12-31,TOS,80-89,57,189,2,0,244
2020-12-31,TOS,90+,26,171,0,0,197
2020-12-31,UMB,16-19,0,0,0,0,0
2020-12-31,UMB,20-29,5,12,17,0,0
2020-12-31,UMB,30-39,18,28,46,0,0
2020-12-31,UMB,40-49,18,49,67,0,0
2020-12-31,UMB,50-59,26,62,88,0,0
2020-12-31,UMB,60-69,22,11,32,1,0
2020-12-31,UMB,70-79,0,0,0,0,0
2020-12-31,UMB,80-89,0,0,0,0,0
2020-12-31,UMB,90+,0,0,0,0,0
2020-12-31,VDA,16-19,0,0,0,0,0
2020-12-31,VDA,20-29,0,1,1,0,0
2020-12-31,VDA,30-39,0,2,2,0,0
2020-12-31,VDA,40-49,1,2,3,0,0
2020-12-31,VDA,50-59,3,8,11,0,0
2020-12-31,VDA,60-69,0,1,1,0,0
2020-12-31,VDA,70-79,0,0,0,0,0
2020-12-31,VDA,80-89,0,0,0,0,0
2020-12-31,VDA,90+,0,0,0,0,0
2020-12-31,VEN,16-19 ,1,0,0,1,0
2020-12-31,VEN,20-29 ,91,252,338,4,1
2020-12-31,VEN,30-39 ,185,312,484,13,0
2020-12-31,VEN,40-49 ,200,555,735,20,0
2020-12-31,VEN,50-59 ,278,681,905,50,4
2020-12-31,VEN,60-69 ,234,161,372,12,11
2020-12-31,VEN,70-79 ,18,25,5,1,37
2020-12-31,VEN,80-89 ,16,62,1,0,77
2020-12-31,VEN,90+ ,2,73,0,0,75
2021-01-01,CAM,16-19,0,0,0,0,0
2021-01-01,CAM,20-29,26,49,72,3,0
2021-01-01,CAM,30-39,94,98,177,15,0
2021-01-01,CAM,40-49,103,119,209,13,0
2021-01-01,CAM,50-59,152,102,229,25,0
2021-01-01,CAM,60-69,121,43,146,18,0
2021-01-01,CAM,70-79,0,0,0,0,0
2021-01-01,CAM,80-89,0,0,0,0,0
2021-01-01,CAM,90+,0,0,0,0,0
2021-01-01,LAZ,16-19,0,3,1,1,1
2021-01-01,LAZ,20-29,83,232,308,6,1
2021-01-01,LAZ,30-39,240,355,578,15,2
2021-01-01,LAZ,40-49,284,577,821,32,8
2021-01-01,LAZ,50-59,447,667,1062,41,11
2021-01-01,LAZ,60-69,309,285,544,39,11
2021-01-01,LAZ,70-79,22,18,21,3,16
2021-01-01,LAZ,80-89,8,8,3,0,13
2021-01-01,LAZ,90+,3,4,0,1,6
2021-01-01,LIG,16-19,0,0,0,0,0
2021-01-01,LIG,20-29,5,10,11,4,0
2021-01-01,LIG,30-39,11,11,21,1,0
2021-01-01,LIG,40-49,14,20,32,2,0
2021-01-01,LIG,50-59,15,42,56,1,0
2021-01-01,LIG,60-69,10,6,13,3,0
2021-01-01,LIG,70-79,0,0,0,0,0
2021-01-01,LIG,80-89,0,0,0,0,0
2021-01-01,LIG,90+,0,0,0,0,0
2021-01-01,LOM,16-19,0,0,0,0,0
2021-01-01,LOM,20-29,0,2,2,0,0
2021-01-01,LOM,30-39,2,3,5,0,0
2021-01-01,LOM,40-49,0,6,6,0,0
2021-01-01,LOM,50-59,3,5,8,0,0
2021-01-01,LOM,60-69,1,1,2,0,0
2021-01-01,LOM,70-79,1,0,1,0,0
2021-01-01,LOM,80-89,0,0,0,0,0
2021-01-01,LOM,90+,0,0,0,0,0
2021-01-01,PAT,16-19,1,0,1,0,0
2021-01-01,PAT,20-29,2,5,7,0,0
2021-01-01,PAT,30-39,6,11,14,2,1
2021-01-01,PAT,40-49,7,41,47,1,0
2021-01-01,PAT,50-59,8,29,30,5,2
2021-01-01,PAT,60-69,8,13,12,3,6
2021-01-01,PAT,70-79,4,7,0,0,11
2021-01-01,PAT,80-89,10,33,0,0,43
2021-01-01,PAT,90+,3,21,0,0,24
2021-01-01,PIE,16-19,0,0,0,0,0
2021-01-01,PIE,20-29,51,85,133,3,0
2021-01-01,PIE,30-39,61,95,144,12,0
2021-01-01,PIE,40-49,81,144,211,14,0
2021-01-01,PIE,50-59,116,258,310,64,0
2021-01-01,PIE,60-69,68,50,97,21,0
2021-01-01,PIE,70-79,4,1,5,0,0
2021-01-01,PIE,80-89,0,0,0,0,0
2021-01-01,PIE,90+,0,0,0,0,0
2021-01-01,PUG,16-19,0,0,0,0,0
2021-01-01,PUG,20-29,6,16,22,0,0
2021-01-01,PUG,30-39,15,25,40,0,0
2021-01-01,PUG,40-49,16,29,45,0,0
2021-01-01,PUG,50-59,24,18,42,0,0
2021-01-01,PUG,60-69,16,14,30,0,0
2021-01-01,PUG,70-79,0,0,0,0,0
2021-01-01,PUG,80-89,0,0,0,0,0
2021-01-01,PUG,90+,0,0,0,0,0
2021-01-01,SAR,16-19,0,0,0,0,0
2021-01-01,SAR,20-29,1,0,1,0,0
2021-01-01,SAR,30-39,2,2,4,0,0
2021-01-01,SAR,40-49,3,5,8,0,0
2021-01-01,SAR,50-59,3,7,10,0,0
2021-01-01,SAR,60-69,7,0,7,0,0
2021-01-01,SAR,70-79,0,0,0,0,0
2021-01-01,SAR,80-89,0,0,0,0,0
2021-01-01,SAR,90+,0,0,0,0,0
2021-01-01,SIC,16-19,1,0,0,1,0
2021-01-01,SIC,20-29,66,88,151,3,0
2021-01-01,SIC,30-39,89,112,200,1,0
2021-01-01,SIC,40-49,98,76,168,6,0
2021-01-01,SIC,50-59,101,69,152,18,0
2021-01-01,SIC,60-69,70,31,97,4,0
2021-01-01,SIC,70-79,8,0,8,0,0
2021-01-01,SIC,80-89,0,0,0,0,0
2021-01-01,SIC,90+,0,0,0,0,0
2021-01-01,TOS,16-19,0,0,0,0,0
2021-01-01,TOS,20-29,69,153,221,1,0
2021-01-01,TOS,30-39,126,234,356,0,4
2021-01-01,TOS,40-49,135,295,426,1,3
2021-01-01,TOS,50-59,182,340,501,0,21
2021-01-01,TOS,60-69,130,99,196,0,33
2021-01-01,TOS,70-79,53,41,6,0,88
2021-01-01,TOS,80-89,56,201,6,0,251
2021-01-01,TOS,90+,34,217,2,0,249
2021-01-01,UMB,16-19,0,0,0,0,0
2021-01-01,UMB,20-29,4,9,13,0,0
2021-01-01,UMB,30-39,33,39,72,0,0
2021-01-01,UMB,40-49,32,60,91,1,0
2021-01-01,UMB,50-59,25,52,76,1,0
2021-01-01,UMB,60-69,16,11,26,1,0
2021-01-01,UMB,70-79,0,0,0,0,0
2021-01-01,UMB,80-89,0,0,0,0,0
2021-01-01,UMB,90+,0,0,0,0,0
2021-01-01,VEN,16-19 ,0,0,0,0,0
2021-01-01,VEN,20-29 ,46,105,151,0,0
2021-01-01,VEN,30-39 ,108,189,295,2,0
2021-01-01,VEN,40-49 ,102,315,414,3,0
2021-01-01,VEN,50-59 ,133,374,503,4,0
2021-01-01,VEN,60-69 ,80,66,145,1,0
2021-01-01,VEN,70-79 ,0,0,0,0,0
2021-01-01,VEN,80-89 ,0,1,0,0,1
2021-01-01,VEN,90+ ,0,0,0,0,0
2021-01-02,ABR,16-19,0,1,1,0,0
2021-01-02,ABR,20-29,16,55,71,0,0
2021-01-02,ABR,30-39,52,76,127,1,0
2021-01-02,ABR,40-49,50,93,140,3,0
2021-01-02,ABR,50-59,48,76,124,0,0
2021-01-02,ABR,60-69,51,31,81,1,0
2021-01-02,ABR,70-79,1,0,1,0,0
2021-01-02,ABR,80-89,0,0,0,0,0
2021-01-02,ABR,90+,0,0,0,0,0
2021-01-02,BAS,16-19,0,0,0,0,0
2021-01-02,BAS,20-29,13,47,59,1,0
2021-01-02,BAS,30-39,56,93,146,3,0
2021-01-02,BAS,40-49,97,162,245,14,0
2021-01-02,BAS,50-59,106,165,258,13,0
2021-01-02,BAS,60-69,83,62,129,16,0
2021-01-02,BAS,70-79,1,0,0,1,0
2021-01-02,BAS,80-89,0,0,0,0,0
2021-01-02,BAS,90+,0,0,0,0,0
2021-01-02,CAL,16-19,0,0,0,0,0
2021-01-02,CAL,20-29,4,6,10,0,0
2021-01-02,CAL,30-39,8,8,16,0,0
2021-01-02,CAL,40-49,10,25,35,0,0
2021-01-02,CAL,50-59,28,30,58,0,0
2021-01-02,CAL,60-69,47,3,50,0,0
2021-01-02,CAL,70-79,0,0,0,0,0
2021-01-02,CAL,80-89,0,0,0,0,0
2021-01-02,CAL,90+,0,0,0,0,0
2021-01-02,CAM,16-19,0,0,0,0,0
2021-01-02,CAM,20-29,115,158,247,26,0
2021-01-02,CAM,30-39,311,305,538,78,0
2021-01-02,CAM,40-49,357,424,723,58,0
2021-01-02,CAM,50-59,525,465,902,88,0
2021-01-02,CAM,60-69,573,292,767,98,0
2021-01-02,CAM,70-79,26,7,28,5,0
2021-01-02,CAM,80-89,2,0,2,0,0
2021-01-02,CAM,90+,0,0,0,0,0
2021-01-02,EMR,16-19,0,2,1,1,0
2021-01-02,EMR,20-29,146,96,226,16,0
2021-01-02,EMR,30-39,263,228,450,41,0
2021-01-02,EMR,40-49,326,173,450,49,0
2021-01-02,EMR,50-59,385,179,483,79,2
2021-01-02,EMR,60-69,146,176,258,53,11
2021-01-02,EMR,70-79,21,15,6,4,26
2021-01-02,EMR,80-89,50,14,0,2,62
2021-01-02,EMR,90+,44,5,0,0,49
2021-01-02,FVG,16-19,0,0,0,0,0
2021-01-02,FVG,20-29,63,97,124,36,0
2021-01-02,FVG,30-39,95,143,217,21,0
2021-01-02,FVG,40-49,91,203,281,13,0
2021-01-02,FVG,50-59,87,233,291,29,0
2021-01-02,FVG,60-69,107,64,164,7,0
2021-01-02,FVG,70-79,25,3,27,1,0
2021-01-02,FVG,80-89,1,0,1,0,0
2021-01-02,FVG,90+,0,0,0,0,0
2021-01-02,LAZ,16-19,11,21,19,3,10
2021-01-02,LAZ,20-29,227,435,598,44,20
2021-01-02,LAZ,30-39,426,727,1099,33,21
2021-01-02,LAZ,40-49,492,993,1391,72,22
2021-01-02,LAZ,50-59,695,1180,1744,88,43
2021-01-02,LAZ,60-69,662,535,1101,44,52
2021-01-02,LAZ,70-79,74,51,44,7,74
2021-01-02,LAZ,80-89,32,100,3,3,126
2021-01-02,LAZ,90+,5,62,0,0,67
2021-01-02,LIG,16-19,0,3,3,0,0
2021-01-02,LIG,20-29,20,41,58,3,0
2021-01-02,LIG,30-39,38,70,91,17,0
2021-01-02,LIG,40-49,60,127,162,25,0
2021-01-02,LIG,50-59,82,170,209,43,0
2021-01-02,LIG,60-69,45,35,64,16,0
2021-01-02,LIG,70-79,1,0,0,1,0
2021-01-02,LIG,80-89,0,0,0,0,0
2021-01-02,LIG,90+,0,0,0,0,0
2021-01-02,LOM,16-19,0,0,0,0,0
2021-01-02,LOM,20-29,9,23,32,0,0
2021-01-02,LOM,30-39,15,26,39,2,0
2021-01-02,LOM,40-49,13,40,51,2,0
2021-01-02,LOM,50-59,21,30,48,3,0
2021-01-02,LOM,60-69,16,7,22,1,0
2021-01-02,LOM,70-79,0,0,0,0,0
2021-01-02,LOM,80-89,0,0,0,0,0
2021-01-02,LOM,90+,0,0,0,0,0
2021-01-02,MAR,16-19,0,0,0,0,0
2021-01-02,MAR,20-29,12,28,40,0,0
2021-01-02,MAR,30-39,38,61,95,4,0
2021-01-02,MAR,40-49,33,96,123,6,0
2021-01-02,MAR,50-59,46,127,163,10,0
2021-01-02,MAR,60-69,34,34,60,8,0
2021-01-02,MAR,70-79,4,1,4,1,0
2021-01-02,MAR,80-89,1,0,0,1,0
2021-01-02,MAR,90+,0,0,0,0,0
2021-01-02,PAB,16-19,0,0,0,0,0
2021-01-02,PAB,20-29,1,4,5,0,0
2021-01-02,PAB,30-39,3,7,10,0,0
2021-01-02,PAB,40-49,11,17,28,0,0
2021-01-02,PAB,50-59,5,6,11,0,0
2021-01-02,PAB,60-69,8,4,12,0,0
2021-01-02,PAB,70-79,0,0,0,0,0
2021-01-02,PAB,80-89,0,0,0,0,0
2021-01-02,PAB,90+,0,0,0,0,0
2021-01-02,PAT,16-19,1,0,0,1,0
2021-01-02,PAT,20-29,14,34,47,0,1
2021-01-02,PAT,30-39,24,44,68,0,0
2021-01-02,PAT,40-49,20,77,90,6,1
2021-01-02,PAT,50-59,19,86,96,7,2
2021-01-02,PAT,60-69,14,27,31,6,4
2021-01-02,PAT,70-79,18,10,1,1,26
2021-01-02,PAT,80-89,21,37,4,1,53
2021-01-02,PAT,90+,11,44,0,2,53
2021-01-02,PIE,16-19,0,4,3,1,0
2021-01-02,PIE,20-29,127,322,421,28,0
2021-01-02,PIE,30-39,229,376,557,48,0
2021-01-02,PIE,40-49,225,600,758,67,0
2021-01-02,PIE,50-59,297,857,990,164,0
2021-01-02,PIE,60-69,202,191,307,85,1
2021-01-02,PIE,70-79,28,2,12,11,7
2021-01-02,PIE,80-89,10,20,2,3,25
2021-01-02,PIE,90+,2,17,0,0,19
2021-01-02,PUG,16-19,0,2,0,2,0
2021-01-02,PUG,20-29,80,174,252,2,0
2021-01-02,PUG,30-39,252,345,590,7,0
2021-01-02,PUG,40-49,276,462,711,27,0
2021-01-02,PUG,50-59,365,467,800,30,2
2021-01-02,PUG,60-69,282,144,411,15,0
2021-01-02,PUG,70-79,11,15,17,9,0
2021-01-02,PUG,80-89,8,5,6,4,3
2021-01-02,PUG,90+,4,11,2,10,3
2021-01-02,SAR,16-19,0,0,0,0,0
2021-01-02,SAR,20-29,0,3,3,0,0
2021-01-02,SAR,30-39,1,5,6,0,0
2021-01-02,SAR,40-49,3,11,14,0,0
2021-01-02,SAR,50-59,10,15,25,0,0
2021-01-02,SAR,60-69,7,5,12,0,0
2021-01-02,SAR,70-79,0,0,0,0,0
2021-01-02,SAR,80-89,0,0,0,0,0
2021-01-02,SAR,90+,0,0,0,0,0
2021-01-02,SIC,16-19,1,3,0,4,0
2021-01-02,SIC,20-29,248,305,527,26,0
2021-01-02,SIC,30-39,423,451,834,40,0
2021-01-02,SIC,40-49,524,576,1010,90,0
2021-01-02,SIC,50-59,771,682,1363,90,0
2021-01-02,SIC,60-69,616,349,919,46,0
2021-01-02,SIC,70-79,8,3,8,3,0
2021-01-02,SIC,80-89,1,0,1,0,0
2021-01-02,SIC,90+,1,0,0,1,0
2021-01-02,TOS,16-19,0,0,0,0,0
2021-01-02,TOS,20-29,113,278,390,0,1
2021-01-02,TOS,30-39,217,373,588,1,1
2021-01-02,TOS,40-49,176,513,679,1,9
2021-01-02,TOS,50-59,227,546,733,9,31
2021-01-02,TOS,60-69,179,166,271,3,71
2021-01-02,TOS,70-79,72,79,4,1,146
2021-01-02,TOS,80-89,79,232,4,0,307
2021-01-02,TOS,90+,31,207,4,0,234
2021-01-02,UMB,16-19,0,0,0,0,0
2021-01-02,UMB,20-29,1,18,19,0,0
2021-01-02,UMB,30-39,34,64,98,0,0
2021-01-02,UMB,40-49,27,51,78,0,0
2021-01-02,UMB,50-59,33,39,72,0,0
2021-01-02,UMB,60-69,25,12,36,1,0
2021-01-02,UMB,70-79,0,0,0,0,0
2021-01-02,UMB,80-89,0,0,0,0,0
2021-01-02,UMB,90+,0,0,0,0,0
2021-01-02,VDA,16-19,0,0,0,0,0
2021-01-02,VDA,20-29,0,0,0,0,0
2021-01-02,VDA,30-39,0,0,0,0,0
2021-01-02,VDA,40-49,0,0,0,0,0
2021-01-02,VDA,50-59,0,0,0,0,0
2021-01-02,VDA,60-69,2,0,0,0,2
2021-01-02,VDA,70-79,0,0,0,0,0
2021-01-02,VDA,80-89,3,1,0,0,4
2021-01-02,VDA,90+,0,0,0,0,0
2021-01-02,VEN,16-19 ,0,1,0,1,0
2021-01-02,VEN,20-29 ,198,498,681,14,1
2021-01-02,VEN,30-39 ,318,624,906,35,1
2021-01-02,VEN,40-49 ,373,979,1288,64,0
2021-01-02,VEN,50-59 ,380,1189,1475,89,5
2021-01-02,VEN,60-69 ,361,253,533,45,36
2021-01-02,VEN,70-79 ,45,58,19,8,76
2021-01-02,VEN,80-89 ,49,184,1,5,227
2021-01-02,VEN,90+ ,34,165,0,2,197
2021-01-03,ABR,16-19,0,0,0,0,0
2021-01-03,ABR,20-29,24,72,96,0,0
2021-01-03,ABR,30-39,49,54,100,3,0
2021-01-03,ABR,40-49,63,97,159,1,0
2021-01-03,ABR,50-59,58,81,136,3,0
2021-01-03,ABR,60-69,25,40,64,1,0
2021-01-03,ABR,70-79,0,0,0,0,0
2021-01-03,ABR,80-89,0,1,1,0,0
2021-01-03,ABR,90+,0,0,0,0,0
2021-01-03,BAS,16-19,0,0,0,0,0
2021-01-03,BAS,20-29,9,32,41,0,0
2021-01-03,BAS,30-39,53,70,123,0,0
2021-01-03,BAS,40-49,97,154,249,2,0
2021-01-03,BAS,50-59,69,138,205,2,0
2021-01-03,BAS,60-69,60,41,99,2,0
2021-01-03,BAS,70-79,0,0,0,0,0
2021-01-03,BAS,80-89,0,0,0,0,0
2021-01-03,BAS,90+,0,0,0,0,0
2021-01-03,CAL,16-19,0,0,0,0,0
2021-01-03,CAL,20-29,0,1,1,0,0
2021-01-03,CAL,30-39,0,0,0,0,0
2021-01-03,CAL,40-49,0,0,0,0,0
2021-01-03,CAL,50-59,1,0,1,0,0
2021-01-03,CAL,60-69,2,1,2,1,0
2021-01-03,CAL,70-79,0,0,0,0,0
2021-01-03,CAL,80-89,0,0,0,0,0
2021-01-03,CAL,90+,0,0,0,0,0
2021-01-03,CAM,16-19,0,0,0,0,0
2021-01-03,CAM,20-29,107,187,259,35,0
2021-01-03,CAM,30-39,332,345,575,102,0
2021-01-03,CAM,40-49,338,465,709,94,0
2021-01-03,CAM,50-59,544,566,998,112,0
2021-01-03,CAM,60-69,770,372,1016,126,0
2021-01-03,CAM,70-79,41,6,43,4,0
2021-01-03,CAM,80-89,1,0,1,0,0
2021-01-03,CAM,90+,0,0,0,0,0
2021-01-03,EMR,20-29,236,99,302,33,0
2021-01-03,EMR,30-39,346,214,499,61,0
2021-01-03,EMR,40-49,419,199,525,92,1
2021-01-03,EMR,50-59,516,188,610,92,2
2021-01-03,EMR,60-69,165,170,281,42,12
2021-01-03,EMR,70-79,20,28,16,5,27
2021-01-03,EMR,80-89,37,25,0,0,62
2021-01-03,EMR,90+,55,11,0,0,66
2021-01-03,FVG,16-19,0,1,0,1,0
2021-01-03,FVG,20-29,28,49,37,40,0
2021-01-03,FVG,30-39,20,36,45,11,0
2021-01-03,FVG,40-49,21,44,58,7,0
2021-01-03,FVG,50-59,19,45,55,9,0
2021-01-03,FVG,60-69,21,13,31,3,0
2021-01-03,FVG,70-79,12,1,11,2,0
2021-01-03,FVG,80-89,0,0,0,0,0
2021-01-03,FVG,90+,0,1,0,1,0
2021-01-03,LAZ,16-19,0,3,3,0,0
2021-01-03,LAZ,20-29,149,350,449,47,3
2021-01-03,LAZ,30-39,334,531,825,35,5
2021-01-03,LAZ,40-49,392,873,1203,56,6
2021-01-03,LAZ,50-59,479,952,1334,70,27
2021-01-03,LAZ,60-69,525,414,869,45,25
2021-01-03,LAZ,70-79,48,23,30,10,31
2021-01-03,LAZ,80-89,28,49,7,4,66
2021-01-03,LAZ,90+,4,33,0,0,37
2021-01-03,LIG,16-19,0,0,0,0,0
2021-01-03,LIG,20-29,18,52,62,8,0
2021-01-03,LIG,30-39,36,69,94,11,0
2021-01-03,LIG,40-49,29,113,122,20,0
2021-01-03,LIG,50-59,91,188,251,28,0
2021-01-03,LIG,60-69,48,49,88,9,0
2021-01-03,LIG,70-79,0,0,0,0,0
2021-01-03,LIG,80-89,0,0,0,0,0
2021-01-03,LIG,90+,0,0,0,0,0
2021-01-03,LOM,16-19,0,0,0,0,0
2021-01-03,LOM,20-29,23,71,94,0,0
2021-01-03,LOM,30-39,73,89,160,2,0
2021-01-03,LOM,40-49,58,119,170,7,0
2021-01-03,LOM,50-59,87,192,266,13,0
2021-01-03,LOM,60-69,63,49,106,6,0
2021-01-03,LOM,70-79,6,0,6,0,0
2021-01-03,LOM,80-89,1,2,1,0,2
2021-01-03,LOM,90+,0,2,0,0,2
2021-01-03,MAR,16-19,0,0,0,0,0
2021-01-03,MAR,20-29,30,50,65,15,0
2021-01-03,MAR,30-39,72,103,152,23,0
2021-01-03,MAR,40-49,92,168,222,38,0
2021-01-03,MAR,50-59,95,182,227,50,0
2021-01-03,MAR,60-69,59,45,79,25,0
2021-01-03,MAR,70-79,0,1,0,1,0
2021-01-03,MAR,80-89,0,0,0,0,0
2021-01-03,MAR,90+,0,0,0,0,0
2021-01-03,PAT,16-19,0,1,0,1,0
2021-01-03,PAT,20-29,6,39,42,3,0
2021-01-03,PAT,30-39,28,36,63,1,0
2021-01-03,PAT,40-49,17,69,85,1,0
2021-01-03,PAT,50-59,33,93,122,4,0
2021-01-03,PAT,60-69,56,52,101,1,6
2021-01-03,PAT,70-79,10,4,4,0,10
2021-01-03,PAT,80-89,6,17,0,0,23
2021-01-03,PAT,90+,3,23,0,0,26
2021-01-03,PIE,16-19,0,1,1,0,0
2021-01-03,PIE,20-29,98,269,354,13,0
2021-01-03,PIE,30-39,173,289,432,30,0
2021-01-03,PIE,40-49,200,512,640,72,0
2021-01-03,PIE,50-59,256,806,942,120,0
2021-01-03,PIE,60-69,208,179,329,53,5
2021-01-03,PIE,70-79,21,5,7,7,12
2021-01-03,PIE,80-89,6,18,1,0,23
2021-01-03,PIE,90+,2,10,0,0,12
2021-01-03,PUG,16-19,1,0,1,0,0
2021-01-03,PUG,20-29,93,116,207,2,0
2021-01-03,PUG,30-39,187,209,396,0,0
2021-01-03,PUG,40-49,203,278,477,2,2
2021-01-03,PUG,50-59,235,253,482,4,2
2021-01-03,PUG,60-69,141,76,205,5,7
2021-01-03,PUG,70-79,31,27,29,9,20
2021-01-03,PUG,80-89,10,40,0,21,29
2021-01-03,PUG,90+,6,15,0,14,7
2021-01-03,SAR,16-19,0,0,0,0,0
2021-01-03,SAR,20-29,2,7,9,0,0
2021-01-03,SAR,30-39,5,6,11,0,0
2021-01-03,SAR,40-49,7,12,19,0,0
2021-01-03,SAR,50-59,10,16,26,0,0
2021-01-03,SAR,60-69,11,13,23,1,0
2021-01-03,SAR,70-79,1,0,1,0,0
2021-01-03,SAR,80-89,0,0,0,0,0
2021-01-03,SAR,90+,0,0,0,0,0
2021-01-03,SIC,16-19,2,1,2,1,0
2021-01-03,SIC,20-29,258,284,524,18,0
2021-01-03,SIC,30-39,426,446,833,39,0
2021-01-03,SIC,40-49,490,542,928,104,0
2021-01-03,SIC,50-59,702,616,1221,97,0
2021-01-03,SIC,60-69,521,319,776,64,0
2021-01-03,SIC,70-79,21,5,17,9,0
2021-01-03,SIC,80-89,0,0,0,0,0
2021-01-03,SIC,90+,0,0,0,0,0
2021-01-03,TOS,16-19,0,0,0,0,0
2021-01-03,TOS,20-29,146,296,437,1,4
2021-01-03,TOS,30-39,214,382,586,2,8
2021-01-03,TOS,40-49,176,455,605,2,24
2021-01-03,TOS,50-59,209,545,701,3,50
2021-01-03,TOS,60-69,140,141,213,0,68
2021-01-03,TOS,70-79,58,78,7,0,129
2021-01-03,TOS,80-89,73,179,1,0,251
2021-01-03,TOS,90+,27,196,3,0,220
2021-01-03,UMB,16-19,0,0,0,0,0
2021-01-03,UMB,20-29,8,27,35,0,0
2021-01-03,UMB,30-39,26,39,65,0,0
2021-01-03,UMB,40-49,32,48,80,0,0
2021-01-03,UMB,50-59,27,42,69,0,0
2021-01-03,UMB,60-69,17,4,21,0,0
2021-01-03,UMB,70-79,0,0,0,0,0
2021-01-03,UMB,80-89,0,0,0,0,0
2021-01-03,UMB,90+,0,0,0,0,0
2021-01-03,VEN,16-19 ,5,1,4,2,0
2021-01-03,VEN,20-29 ,183,463,615,31,0
2021-01-03,VEN,30-39 ,272,521,751,42,0
2021-01-03,VEN,40-49 ,297,917,1145,69,0
2021-01-03,VEN,50-59 ,397,1191,1469,119,0
2021-01-03,VEN,60-69 ,311,236,503,38,6
2021-01-03,VEN,70-79 ,33,28,19,3,39
2021-01-03,VEN,80-89 ,24,88,0,0,112
2021-01-03,VEN,90+ ,7,86,0,0,93
2021-01-04,ABR,16-19,0,0,0,0,0
2021-01-04,ABR,20-29,30,84,114,0,0
2021-01-04,ABR,30-39,94,149,242,1,0
2021-01-04,ABR,40-49,134,216,349,1,0
2021-01-04,ABR,50-59,143,270,411,2,0
2021-01-04,ABR,60-69,175,114,288,1,0
2021-01-04,ABR,70-79,1,0,1,0,0
2021-01-04,ABR,80-89,1,0,1,0,0
2021-01-04,ABR,90+,0,0,0,0,0
2021-01-04,BAS,16-19,0,0,0,0,0
2021-01-04,BAS,20-29,4,9,13,0,0
2021-01-04,BAS,30-39,32,50,77,5,0
2021-01-04,BAS,40-49,46,68,97,17,0
2021-01-04,BAS,50-59,57,62,100,19,0
2021-01-04,BAS,60-69,50,27,64,13,0
2021-01-04,BAS,70-79,1,1,1,1,0
2021-01-04,BAS,80-89,0,0,0,0,0
2021-01-04,BAS,90+,0,0,0,0,0
2021-01-04,CAL,16-19,0,0,0,0,0
2021-01-04,CAL,20-29,26,42,59,9,0
2021-01-04,CAL,30-39,101,95,190,6,0
2021-01-04,CAL,40-49,112,165,272,5,0
2021-01-04,CAL,50-59,152,166,306,12,0
2021-01-04,CAL,60-69,141,84,209,16,0
2021-01-04,CAL,70-79,4,0,2,2,0
2021-01-04,CAL,80-89,0,0,0,0,0
2021-01-04,CAL,90+,0,0,0,0,0
2021-01-04,CAM,16-19,0,0,0,0,0
2021-01-04,CAM,20-29,151,288,411,28,0
2021-01-04,CAM,30-39,434,517,871,80,0
2021-01-04,CAM,40-49,483,650,1015,118,0
2021-01-04,CAM,50-59,832,916,1530,218,0
2021-01-04,CAM,60-69,950,522,1264,208,0
2021-01-04,CAM,70-79,91,14,98,7,0
2021-01-04,CAM,80-89,9,0,8,1,0
2021-01-04,CAM,90+,0,0,0,0,0
2021-01-04,EMR,16-19,4,0,1,3,0
2021-01-04,EMR,20-29,537,253,635,155,0
2021-01-04,EMR,30-39,896,582,1183,294,1
2021-01-04,EMR,40-49,1058,478,1193,343,0
2021-01-04,EMR,50-59,1347,514,1391,464,6
2021-01-04,EMR,60-69,460,447,673,210,24
2021-01-04,EMR,70-79,68,86,43,33,78
2021-01-04,EMR,80-89,159,85,28,56,160
2021-01-04,EMR,90+,171,52,23,47,153
2021-01-04,FVG,16-19,0,1,0,1,0
2021-01-04,FVG,20-29,91,148,165,74,0
2021-01-04,FVG,30-39,105,179,252,32,0
2021-01-04,FVG,40-49,101,237,303,35,0
2021-01-04,FVG,50-59,108,279,354,33,0
2021-01-04,FVG,60-69,112,90,188,14,0
2021-01-04,FVG,70-79,30,6,34,2,0
2021-01-04,FVG,80-89,4,1,3,2,0
2021-01-04,FVG,90+,0,0,0,0,0
2021-01-04,LAZ,16-19,2,5,7,0,0
2021-01-04,LAZ,20-29,212,374,558,26,2
2021-01-04,LAZ,30-39,476,703,1092,81,6
2021-01-04,LAZ,40-49,568,1139,1536,155,16
2021-01-04,LAZ,50-59,783,1402,1976,177,32
2021-01-04,LAZ,60-69,707,651,1250,62,46
2021-01-04,LAZ,70-79,69,45,48,7,59
2021-01-04,LAZ,80-89,34,104,5,9,124
2021-01-04,LAZ,90+,11,67,0,4,74
2021-01-04,LIG,16-19,1,3,1,3,0
2021-01-04,LIG,20-29,78,192,232,38,0
2021-01-04,LIG,30-39,153,231,344,35,5
2021-01-04,LIG,40-49,143,416,509,43,7
2021-01-04,LIG,50-59,252,612,762,76,26
2021-01-04,LIG,60-69,190,172,304,43,15
2021-01-04,LIG,70-79,16,8,3,7,14
2021-01-04,LIG,80-89,12,80,0,2,90
2021-01-04,LIG,90+,8,66,0,0,74
2021-01-04,LOM,16-19,1,6,7,0,0
2021-01-04,LOM,20-29,193,447,603,37,0
2021-01-04,LOM,30-39,584,729,1230,83,0
2021-01-04,LOM,40-49,504,1152,1532,124,0
2021-01-04,LOM,50-59,592,1500,1888,204,0
2021-01-04,LOM,60-69,433,325,705,49,4
2021-01-04,LOM,70-79,31,27,28,2,28
2021-01-04,LOM,80-89,15,59,0,0,74
2021-01-04,LOM,90+,5,63,0,0,68
2021-01-04,MAR,16-19,0,0,0,0,0
2021-01-04,MAR,20-29,38,71,96,13,0
2021-01-04,MAR,30-39,101,140,224,17,0
2021-01-04,MAR,40-49,106,207,275,38,0
2021-01-04,MAR,50-59,168,328,416,80,0
2021-01-04,MAR,60-69,118,106,191,33,0
2021-01-04,MAR,70-79,2,0,2,0,0
2021-01-04,MAR,80-89,0,0,0,0,0
2021-01-04,MAR,90+,0,0,0,0,0
2021-01-04,MOL,16-19,0,0,0,0,0
2021-01-04,MOL,20-29,7,11,18,0,0
2021-01-04,MOL,30-39,21,26,45,2,0
2021-01-04,MOL,40-49,23,67,86,4,0
2021-01-04,MOL,50-59,44,56,92,8,0
2021-01-04,MOL,60-69,34,18,50,2,0
2021-01-04,MOL,70-79,1,0,1,0,0
2021-01-04,MOL,80-89,0,0,0,0,0
2021-01-04,MOL,90+,0,0,0,0,0
2021-01-04,PAB,16-19,0,0,0,0,0
2021-01-04,PAB,20-29,12,20,29,3,0
2021-01-04,PAB,30-39,41,57,88,10,0
2021-01-04,PAB,40-49,45,91,115,21,0
2021-01-04,PAB,50-59,51,82,98,35,0
2021-01-04,PAB,60-69,29,23,44,8,0
2021-01-04,PAB,70-79,2,0,1,1,0
2021-01-04,PAB,80-89,0,0,0,0,0
2021-01-04,PAB,90+,0,0,0,0,0
2021-01-04,PAT,16-19,0,0,0,0,0
2021-01-04,PAT,20-29,20,52,69,3,0
2021-01-04,PAT,30-39,27,53,76,4,0
2021-01-04,PAT,40-49,31,132,145,17,1
2021-01-04,PAT,50-59,33,144,158,14,5
2021-01-04,PAT,60-69,23,42,38,7,20
2021-01-04,PAT,70-79,31,25,4,3,49
2021-01-04,PAT,80-89,21,101,0,0,122
2021-01-04,PAT,90+,9,80,0,0,89
2021-01-04,PIE,16-19,1,5,5,1,0
2021-01-04,PIE,20-29,177,380,509,48,0
2021-01-04,PIE,30-39,290,565,774,80,1
2021-01-04,PIE,40-49,308,979,1139,148,0
2021-01-04,PIE,50-59,471,1407,1514,357,7
2021-01-04,PIE,60-69,335,360,590,91,14
2021-01-04,PIE,70-79,32,16,8,3,37
2021-01-04,PIE,80-89,22,58,1,0,79
2021-01-04,PIE,90+,9,42,0,0,51
2021-01-04,PUG,16-19,2,2,3,1,0
2021-01-04,PUG,20-29,160,286,435,11,0
2021-01-04,PUG,30-39,350,477,800,27,0
2021-01-04,PUG,40-49,404,576,936,43,1
2021-01-04,PUG,50-59,477,711,1123,64,1
2021-01-04,PUG,60-69,371,200,518,50,3
2021-01-04,PUG,70-79,16,15,20,1,10
2021-01-04,PUG,80-89,10,16,9,2,15
2021-01-04,PUG,90+,4,14,3,0,15
2021-01-04,SAR,16-19,0,0,0,0,0
2021-01-04,SAR,20-29,10,38,47,1,0
2021-01-04,SAR,30-39,55,74,126,3,0
2021-01-04,SAR,40-49,37,92,123,6,0
2021-01-04,SAR,50-59,58,110,159,9,0
2021-01-04,SAR,60-69,51,47,96,2,0
2021-01-04,SAR,70-79,0,0,0,0,0
2021-01-04,SAR,80-89,0,0,0,0,0
2021-01-04,SAR,90+,1,0,1,0,0
2021-01-04,SIC,16-19,6,4,3,7,0
2021-01-04,SIC,20-29,267,352,553,66,0
2021-01-04,SIC,30-39,656,676,1215,117,0
2021-01-04,SIC,40-49,755,925,1478,202,0
2021-01-04,SIC,50-59,1114,1233,2107,239,1
2021-01-04,SIC,60-69,920,625,1427,118,0
2021-01-04,SIC,70-79,58,15,59,13,1
2021-01-04,SIC,80-89,2,4,1,1,4
2021-01-04,SIC,90+,1,0,1,0,0
2021-01-04,TOS,16-19,4,4,7,0,1
2021-01-04,TOS,20-29,336,494,814,12,4
2021-01-04,TOS,30-39,422,566,967,9,12
2021-01-04,TOS,40-49,268,612,863,4,13
2021-01-04,TOS,50-59,333,700,986,4,43
2021-01-04,TOS,60-69,296,233,433,2,94
2021-01-04,TOS,70-79,97,74,16,0,155
2021-01-04,TOS,80-89,93,237,3,1,326
2021-01-04,TOS,90+,38,241,0,0,279
2021-01-04,UMB,16-19,0,0,0,0,0
2021-01-04,UMB,20-29,16,33,49,0,0
2021-01-04,UMB,30-39,87,101,188,0,0
2021-01-04,UMB,40-49,63,142,204,1,0
2021-01-04,UMB,50-59,89,95,184,0,0
2021-01-04,UMB,60-69,123,52,175,0,0
2021-01-04,UMB,70-79,3,3,6,0,0
2021-01-04,UMB,80-89,0,0,0,0,0
2021-01-04,UMB,90+,0,0,0,0,0
2021-01-04,VDA,16-19,2,4,6,0,0
2021-01-04,VDA,20-29,12,13,25,0,0
2021-01-04,VDA,30-39,10,23,33,0,0
2021-01-04,VDA,40-49,9,32,41,0,0
2021-01-04,VDA,50-59,22,10,32,0,0
2021-01-04,VDA,60-69,2,1,3,0,0
2021-01-04,VDA,70-79,2,0,2,0,0
2021-01-04,VDA,80-89,0,0,0,0,0
2021-01-04,VDA,90+,0,0,0,0,0
2021-01-04,VEN,16-19 ,2,3,4,1,0
2021-01-04,VEN,20-29 ,219,524,721,22,0
2021-01-04,VEN,30-39 ,346,685,984,47,0
2021-01-04,VEN,40-49 ,340,1034,1273,97,4
2021-01-04,VEN,50-59 ,505,1398,1670,210,23
2021-01-04,VEN,60-69 ,372,352,595,74,55
2021-01-04,VEN,70-79 ,87,101,28,10,150
2021-01-04,VEN,80-89 ,93,276,1,2,366
2021-01-04,VEN,90+ ,34,226,0,1,259
2021-01-05,ABR,16-19,0,0,0,0,0
2021-01-05,ABR,20-29,34,106,140,0,0
2021-01-05,ABR,30-39,105,204,306,3,0
2021-01-05,ABR,40-49,140,262,399,3,0
2021-01-05,ABR,50-59,152,306,456,2,0
2021-01-05,ABR,60-69,161,134,293,2,0
2021-01-05,ABR,70-79,12,1,13,0,0
2021-01-05,ABR,80-89,0,0,0,0,0
2021-01-05,ABR,90+,0,0,0,0,0
2021-01-05,BAS,16-19,0,0,0,0,0
2021-01-05,BAS,20-29,18,30,48,0,0
2021-01-05,BAS,30-39,33,49,81,1,0
2021-01-05,BAS,40-49,63,124,177,10,0
2021-01-05,BAS,50-59,57,123,172,8,0
2021-01-05,BAS,60-69,91,60,141,10,0
2021-01-05,BAS,70-79,0,0,0,0,0
2021-01-05,BAS,80-89,0,0,0,0,0
2021-01-05,BAS,90+,0,0,0,0,0
2021-01-05,CAL,16-19,0,0,0,0,0
2021-01-05,CAL,20-29,26,48,59,15,0
2021-01-05,CAL,30-39,109,165,255,19,0
2021-01-05,CAL,40-49,143,216,331,28,0
2021-01-05,CAL,50-59,204,229,403,30,0
2021-01-05,CAL,60-69,205,139,292,52,0
2021-01-05,CAL,70-79,11,0,9,2,0
2021-01-05,CAL,80-89,0,0,0,0,0
2021-01-05,CAL,90+,0,0,0,0,0
2021-01-05,CAM,16-19,0,0,0,0,0
2021-01-05,CAM,20-29,211,327,506,32,0
2021-01-05,CAM,30-39,538,614,1028,124,0
2021-01-05,CAM,40-49,608,757,1212,153,0
2021-01-05,CAM,50-59,1016,1108,1849,274,1
2021-01-05,CAM,60-69,1070,635,1432,269,4
2021-01-05,CAM,70-79,93,33,89,27,10
2021-01-05,CAM,80-89,5,14,4,4,11
2021-01-05,CAM,90+,3,14,1,1,15
2021-01-05,EMR,16-19,4,1,3,2,0
2021-01-05,EMR,20-29,642,280,655,266,1
2021-01-05,EMR,30-39,1127,719,1285,560,1
2021-01-05,EMR,40-49,1391,591,1305,671,6
2021-01-05,EMR,50-59,1682,596,1510,749,19
2021-01-05,EMR,60-69,660,615,823,409,43
2021-01-05,EMR,70-79,79,148,81,55,91
2021-01-05,EMR,80-89,181,80,4,58,199
2021-01-05,EMR,90+,219,46,1,59,205
2021-01-05,FVG,16-19,0,0,0,0,0
2021-01-05,FVG,20-29,73,136,152,57,0
2021-01-05,FVG,30-39,84,171,231,24,0
2021-01-05,FVG,40-49,93,250,305,38,0
2021-01-05,FVG,50-59,91,286,329,48,0
2021-01-05,FVG,60-69,104,104,184,24,0
2021-01-05,FVG,70-79,43,28,39,1,31
2021-01-05,FVG,80-89,33,47,3,1,76
2021-01-05,FVG,90+,13,66,0,0,79
2021-01-05,LAZ,16-19,1,1,2,0,0
2021-01-05,LAZ,20-29,199,378,541,34,2
2021-01-05,LAZ,30-39,437,709,1061,82,3
2021-01-05,LAZ,40-49,463,964,1276,132,19
2021-01-05,LAZ,50-59,709,1209,1705,167,46
2021-01-05,LAZ,60-69,608,591,1027,92,80
2021-01-05,LAZ,70-79,74,66,32,16,92
2021-01-05,LAZ,80-89,59,163,1,25,196
2021-01-05,LAZ,90+,26,106,0,14,118
2021-01-05,LIG,16-19,1,0,1,0,0
2021-01-05,LIG,20-29,57,133,157,32,1
2021-01-05,LIG,30-39,124,258,353,29,0
2021-01-05,LIG,40-49,160,448,553,51,4
2021-01-05,LIG,50-59,278,747,888,126,11
2021-01-05,LIG,60-69,198,211,332,54,23
2021-01-05,LIG,70-79,33,19,10,8,34
2021-01-05,LIG,80-89,24,82,1,12,93
2021-01-05,LIG,90+,17,88,0,15,90
2021-01-05,LOM,16-19,2,8,10,0,0
2021-01-05,LOM,20-29,234,541,722,53,0
2021-01-05,LOM,30-39,551,907,1338,120,0
2021-01-05,LOM,40-49,554,1367,1740,180,1
2021-01-05,LOM,50-59,687,1734,2103,316,2
2021-01-05,LOM,60-69,400,445,734,96,15
2021-01-05,LOM,70-79,27,17,16,8,20
2021-01-05,LOM,80-89,23,56,0,0,79
2021-01-05,LOM,90+,17,66,0,0,83
2021-01-05,MAR,16-19,0,0,0,0,0
2021-01-05,MAR,20-29,51,90,134,7,0
2021-01-05,MAR,30-39,134,202,319,17,0
2021-01-05,MAR,40-49,129,265,362,32,0
2021-01-05,MAR,50-59,147,297,396,48,0
2021-01-05,MAR,60-69,94,91,156,29,0
2021-01-05,MAR,70-79,2,0,1,1,0
2021-01-05,MAR,80-89,0,0,0,0,0
2021-01-05,MAR,90+,0,0,0,0,0
2021-01-05,MOL,16-19,0,0,0,0,0
2021-01-05,MOL,20-29,7,10,17,0,0
2021-01-05,MOL,30-39,20,37,57,0,0
2021-01-05,MOL,40-49,36,72,104,4,0
2021-01-05,MOL,50-59,62,102,161,3,0
2021-01-05,MOL,60-69,54,47,100,1,0
2021-01-05,MOL,70-79,1,0,1,0,0
2021-01-05,MOL,80-89,0,0,0,0,0
2021-01-05,MOL,90+,0,0,0,0,0
2021-01-05,PAB,16-19,0,0,0,0,0
2021-01-05,PAB,20-29,18,52,63,7,0
2021-01-05,PAB,30-39,52,80,120,12,0
2021-01-05,PAB,40-49,73,182,218,37,0
2021-01-05,PAB,50-59,86,185,208,63,0
2021-01-05,PAB,60-69,54,31,70,15,0
2021-01-05,PAB,70-79,4,0,4,0,0
2021-01-05,PAB,80-89,0,0,0,0,0
2021-01-05,PAB,90+,0,0,0,0,0
2021-01-05,PAT,16-19,0,0,0,0,0
2021-01-05,PAT,20-29,15,46,57,3,1
2021-01-05,PAT,30-39,44,70,101,13,0
2021-01-05,PAT,40-49,54,95,140,9,0
2021-01-05,PAT,50-59,50,115,146,16,3
2021-01-05,PAT,60-69,26,32,39,8,11
2021-01-05,PAT,70-79,18,14,2,2,28
2021-01-05,PAT,80-89,17,43,0,0,60
2021-01-05,PAT,90+,9,46,0,1,54
2021-01-05,PIE,16-19,1,4,4,1,0
2021-01-05,PIE,20-29,184,368,492,60,0
2021-01-05,PIE,30-39,288,546,752,81,1
2021-01-05,PIE,40-49,287,868,1018,137,0
2021-01-05,PIE,50-59,406,1314,1422,292,6
2021-01-05,PIE,60-69,328,410,604,115,19
2021-01-05,PIE,70-79,45,26,15,11,45
2021-01-05,PIE,80-89,27,82,5,3,101
2021-01-05,PIE,90+,7,70,1,2,74
2021-01-05,PUG,16-19,3,2,2,3,0
2021-01-05,PUG,20-29,142,315,447,10,0
2021-01-05,PUG,30-39,437,555,946,45,1
2021-01-05,PUG,40-49,491,816,1230,76,1
2021-01-05,PUG,50-59,695,840,1404,127,4
2021-01-05,PUG,60-69,609,347,885,59,12
2021-01-05,PUG,70-79,22,32,24,6,24
2021-01-05,PUG,80-89,16,38,2,2,50
2021-01-05,PUG,90+,6,14,4,0,16
2021-01-05,SAR,16-19,0,0,0,0,0
2021-01-05,SAR,20-29,25,52,69,8,0
2021-01-05,SAR,30-39,74,129,197,6,0
2021-01-05,SAR,40-49,88,232,313,7,0
2021-01-05,SAR,50-59,129,306,427,8,0
2021-01-05,SAR,60-69,101,111,204,8,0
2021-01-05,SAR,70-79,0,0,0,0,0
2021-01-05,SAR,80-89,0,0,0,0,0
2021-01-05,SAR,90+,0,0,0,0,0
2021-01-05,SIC,16-19,21,22,29,14,0
2021-01-05,SIC,20-29,404,575,891,88,0
2021-01-05,SIC,30-39,761,824,1418,167,0
2021-01-05,SIC,40-49,923,1172,1768,324,3
2021-01-05,SIC,50-59,1414,1583,2574,406,17
2021-01-05,SIC,60-69,1273,892,1909,243,13
2021-01-05,SIC,70-79,123,40,107,26,30
2021-01-05,SIC,80-89,46,64,15,18,77
2021-01-05,SIC,90+,15,34,6,4,39
2021-01-05,TOS,16-19,4,13,17,0,0
2021-01-05,TOS,20-29,294,583,874,1,2
2021-01-05,TOS,30-39,344,584,923,2,3
2021-01-05,TOS,40-49,304,680,973,2,9
2021-01-05,TOS,50-59,322,801,1100,4,19
2021-01-05,TOS,60-69,259,247,436,1,69
2021-01-05,TOS,70-79,87,81,17,0,151
2021-01-05,TOS,80-89,101,243,3,1,340
2021-01-05,TOS,90+,37,252,3,0,286
2021-01-05,UMB,16-19,0,0,0,0,0
2021-01-05,UMB,20-29,11,16,27,0,0
2021-01-05,UMB,30-39,61,90,151,0,0
2021-01-05,UMB,40-49,78,128,206,0,0
2021-01-05,UMB,50-59,98,110,208,0,0
2021-01-05,UMB,60-69,169,85,254,0,0
2021-01-05,UMB,70-79,8,2,10,0,0
2021-01-05,UMB,80-89,0,0,0,0,0
2021-01-05,UMB,90+,0,0,0,0,0
2021-01-05,VDA,16-19,0,0,0,0,0
2021-01-05,VDA,20-29,6,5,11,0,0
2021-01-05,VDA,30-39,9,13,22,0,0
2021-01-05,VDA,40-49,8,23,31,0,0
2021-01-05,VDA,50-59,19,40,59,0,0
2021-01-05,VDA,60-69,7,10,16,0,1
2021-01-05,VDA,70-79,1,3,0,0,4
2021-01-05,VDA,80-89,4,1,0,0,5
2021-01-05,VDA,90+,0,1,0,0,1
2021-01-05,VEN,16-19 ,1,3,2,2,0
2021-01-05,VEN,20-29 ,238,550,742,43,3
2021-01-05,VEN,30-39 ,361,694,965,81,9
2021-01-05,VEN,40-49 ,383,1123,1335,159,12
2021-01-05,VEN,50-59 ,496,1603,1768,279,52
2021-01-05,VEN,60-69 ,414,411,654,84,87
2021-01-05,VEN,70-79 ,104,108,28,18,166
2021-01-05,VEN,80-89 ,118,289,8,2,397
2021-01-05,VEN,90+ ,52,337,1,1,387
2021-01-06,ABR,16-19,0,0,0,0,0
2021-01-06,ABR,20-29,51,111,157,5,0
2021-01-06,ABR,30-39,133,201,324,10,0
2021-01-06,ABR,40-49,119,262,373,7,1
2021-01-06,ABR,50-59,140,304,434,7,3
2021-01-06,ABR,60-69,141,126,243,4,20
2021-01-06,ABR,70-79,40,24,22,0,42
2021-01-06,ABR,80-89,16,30,1,0,45
2021-01-06,ABR,90+,6,16,0,0,22
2021-01-06,BAS,16-19,0,0,0,0,0
2021-01-06,BAS,20-29,2,9,11,0,0
2021-01-06,BAS,30-39,17,11,28,0,0
2021-01-06,BAS,40-49,29,22,51,0,0
2021-01-06,BAS,50-59,30,47,77,0,0
2021-01-06,BAS,60-69,24,13,37,0,0
2021-01-06,BAS,70-79,1,3,4,0,0
2021-01-06,BAS,80-89,0,4,4,0,0
2021-01-06,BAS,90+,1,7,8,0,0
2021-01-06,CAL,16-19,0,0,0,0,0
2021-01-06,CAL,20-29,18,44,60,2,0
2021-01-06,CAL,30-39,99,114,210,3,0
2021-01-06,CAL,40-49,107,144,235,16,0
2021-01-06,CAL,50-59,172,145,293,24,0
2021-01-06,CAL,60-69,140,78,204,14,0
2021-01-06,CAL,70-79,11,1,12,0,0
2021-01-06,CAL,80-89,0,1,0,1,0
2021-01-06,CAL,90+,0,0,0,0,0
2021-01-06,CAM,16-19,0,0,0,0,0
2021-01-06,CAM,20-29,234,415,565,75,9
2021-01-06,CAM,30-39,549,664,1017,185,11
2021-01-06,CAM,40-49,599,770,1127,230,12
2021-01-06,CAM,50-59,904,1056,1598,331,31
2021-01-06,CAM,60-69,1251,774,1728,263,34
2021-01-06,CAM,70-79,163,92,154,39,62
2021-01-06,CAM,80-89,34,64,6,5,87
2021-01-06,CAM,90+,13,43,1,0,55
2021-01-06,EMR,16-19,4,5,4,5,0
2021-01-06,EMR,20-29,653,275,637,287,4
2021-01-06,EMR,30-39,907,585,1013,473,6
2021-01-06,EMR,40-49,1106,482,1105,474,9
2021-01-06,EMR,50-59,1448,592,1391,637,12
2021-01-06,EMR,60-69,604,577,810,340,31
2021-01-06,EMR,70-79,79,244,164,89,70
2021-01-06,EMR,80-89,159,82,15,64,162
2021-01-06,EMR,90+,201,35,3,44,189
2021-01-06,FVG,16-19,0,1,0,1,0
2021-01-06,FVG,20-29,46,90,72,64,0
2021-01-06,FVG,30-39,43,70,84,29,0
2021-01-06,FVG,40-49,44,114,93,65,0
2021-01-06,FVG,50-59,63,113,101,75,0
2021-01-06,FVG,60-69,47,44,66,25,0
2021-01-06,FVG,70-79,18,11,24,5,0
2021-01-06,FVG,80-89,3,0,2,1,0
2021-01-06,FVG,90+,0,1,1,0,0
2021-01-06,LAZ,16-19,5,8,11,1,1
2021-01-06,LAZ,20-29,283,438,636,79,6
2021-01-06,LAZ,30-39,341,526,776,76,15
2021-01-06,LAZ,40-49,313,669,855,105,22
2021-01-06,LAZ,50-59,420,824,1081,127,36
2021-01-06,LAZ,60-69,387,377,679,49,36
2021-01-06,LAZ,70-79,46,41,45,7,35
2021-01-06,LAZ,80-89,22,92,10,8,96
2021-01-06,LAZ,90+,12,50,5,2,55
2021-01-06,LIG,16-19,1,3,2,2,0
2021-01-06,LIG,20-29,57,88,112,33,0
2021-01-06,LIG,30-39,69,105,155,19,0
2021-01-06,LIG,40-49,91,235,288,38,0
2021-01-06,LIG,50-59,180,354,471,63,0
2021-01-06,LIG,60-69,155,111,221,43,2
2021-01-06,LIG,70-79,27,12,9,8,22
2021-01-06,LIG,80-89,21,69,2,2,86
2021-01-06,LIG,90+,9,68,1,0,76
2021-01-06,LOM,16-19,0,3,3,0,0
2021-01-06,LOM,20-29,328,597,805,119,1
2021-01-06,LOM,30-39,557,827,1233,151,0
2021-01-06,LOM,40-49,456,1101,1332,219,6
2021-01-06,LOM,50-59,567,1459,1581,442,3
2021-01-06,LOM,60-69,504,490,820,172,2
2021-01-06,LOM,70-79,45,25,37,22,11
2021-01-06,LOM,80-89,4,20,2,1,21
2021-01-06,LOM,90+,1,13,0,0,14
2021-01-06,MAR,16-19,0,0,0,0,0
2021-01-06,MAR,20-29,53,119,157,15,0
2021-01-06,MAR,30-39,120,243,316,47,0
2021-01-06,MAR,40-49,145,335,412,67,1
2021-01-06,MAR,50-59,169,403,461,106,5
2021-01-06,MAR,60-69,248,156,306,91,7
2021-01-06,MAR,70-79,33,12,20,7,18
2021-01-06,MAR,80-89,14,36,2,1,47
2021-01-06,MAR,90+,3,49,0,23,29
2021-01-06,MOL,16-19,1,0,0,1,0
2021-01-06,MOL,20-29,14,20,31,3,0
2021-01-06,MOL,30-39,36,44,76,4,0
2021-01-06,MOL,40-49,36,63,94,5,0
2021-01-06,MOL,50-59,63,91,137,17,0
2021-01-06,MOL,60-69,51,59,103,4,3
2021-01-06,MOL,70-79,10,14,2,3,19
2021-01-06,MOL,80-89,27,62,0,14,75
2021-01-06,MOL,90+,19,70,0,5,84
2021-01-06,PAB,16-19,0,0,0,0,0
2021-01-06,PAB,20-29,1,4,5,0,0
2021-01-06,PAB,30-39,2,9,8,3,0
2021-01-06,PAB,40-49,5,10,11,4,0
2021-01-06,PAB,50-59,6,12,10,8,0
2021-01-06,PAB,60-69,3,6,5,4,0
2021-01-06,PAB,70-79,2,0,1,1,0
2021-01-06,PAB,80-89,0,0,0,0,0
2021-01-06,PAB,90+,0,0,0,0,0
2021-01-06,PAT,16-19,0,0,0,0,0
2021-01-06,PAT,20-29,0,7,7,0,0
2021-01-06,PAT,30-39,7,8,15,0,0
2021-01-06,PAT,40-49,5,5,10,0,0
2021-01-06,PAT,50-59,1,7,8,0,0
2021-01-06,PAT,60-69,0,2,2,0,0
2021-01-06,PAT,70-79,0,0,0,0,0
2021-01-06,PAT,80-89,0,0,0,0,0
2021-01-06,PAT,90+,0,0,0,0,0
2021-01-06,PIE,16-19,1,9,3,7,0
2021-01-06,PIE,20-29,95,175,219,49,2
2021-01-06,PIE,30-39,168,264,370,62,0
2021-01-06,PIE,40-49,126,397,448,75,0
2021-01-06,PIE,50-59,242,630,740,122,10
2021-01-06,PIE,60-69,339,298,547,72,18
2021-01-06,PIE,70-79,55,30,20,21,44
2021-01-06,PIE,80-89,48,83,3,1,127
2021-01-06,PIE,90+,22,87,2,0,107
2021-01-06,PUG,16-19,0,0,0,0,0
2021-01-06,PUG,20-29,90,207,292,4,1
2021-01-06,PUG,30-39,251,339,576,11,3
2021-01-06,PUG,40-49,273,473,722,19,5
2021-01-06,PUG,50-59,419,570,929,29,31
2021-01-06,PUG,60-69,348,268,544,29,43
2021-01-06,PUG,70-79,38,48,23,2,61
2021-01-06,PUG,80-89,28,106,11,0,123
2021-01-06,PUG,90+,20,70,2,0,88
2021-01-06,SAR,16-19,0,0,0,0,0
2021-01-06,SAR,20-29,44,112,147,9,0
2021-01-06,SAR,30-39,109,214,312,11,0
2021-01-06,SAR,40-49,122,256,351,27,0
2021-01-06,SAR,50-59,145,340,442,43,0
2021-01-06,SAR,60-69,115,126,218,23,0
2021-01-06,SAR,70-79,3,0,3,0,0
2021-01-06,SAR,80-89,1,0,1,0,0
2021-01-06,SAR,90+,0,0,0,0,0
2021-01-06,SIC,16-19,7,6,9,4,0
2021-01-06,SIC,20-29,232,319,466,85,0
2021-01-06,SIC,30-39,438,489,803,124,0
2021-01-06,SIC,40-49,561,635,1039,156,1
2021-01-06,SIC,50-59,828,907,1508,227,0
2021-01-06,SIC,60-69,997,603,1447,151,2
2021-01-06,SIC,70-79,133,45,134,42,2
2021-01-06,SIC,80-89,14,11,13,11,1
2021-01-06,SIC,90+,1,0,1,0,0
2021-01-06,TOS,16-19,4,13,17,0,0
2021-01-06,TOS,20-29,332,663,987,3,5
2021-01-06,TOS,30-39,269,499,760,1,7
2021-01-06,TOS,40-49,230,617,827,1,19
2021-01-06,TOS,50-59,269,702,946,2,23
2021-01-06,TOS,60-69,207,217,382,2,40
2021-01-06,TOS,70-79,73,59,40,0,92
2021-01-06,TOS,80-89,51,108,2,0,157
2021-01-06,TOS,90+,11,127,1,0,137
2021-01-06,UMB,16-19,0,0,0,0,0
2021-01-06,UMB,20-29,17,35,52,0,0
2021-01-06,UMB,30-39,67,93,160,0,0
2021-01-06,UMB,40-49,54,126,180,0,0
2021-01-06,UMB,50-59,65,188,253,0,0
2021-01-06,UMB,60-69,118,81,199,0,0
2021-01-06,UMB,70-79,2,0,2,0,0
2021-01-06,UMB,80-89,0,0,0,0,0
2021-01-06,UMB,90+,0,0,0,0,0
2021-01-06,VDA,16-19,6,1,7,0,0
2021-01-06,VDA,20-29,3,4,7,0,0
2021-01-06,VDA,30-39,7,3,10,0,0
2021-01-06,VDA,40-49,6,6,12,0,0
2021-01-06,VDA,50-59,8,1,9,0,0
2021-01-06,VDA,60-69,2,2,3,0,1
2021-01-06,VDA,70-79,1,1,0,0,2
2021-01-06,VDA,80-89,0,7,0,0,7
2021-01-06,VDA,90+,1,7,0,0,8
2021-01-06,VEN,16-19 ,5,6,7,4,0
2021-01-06,VEN,20-29 ,280,664,869,67,8
2021-01-06,VEN,30-39 ,443,817,1142,113,5
2021-01-06,VEN,40-49 ,457,1401,1672,168,18
2021-01-06,VEN,50-59 ,547,1858,2084,280,41
2021-01-06,VEN,60-69 ,431,416,683,105,59
2021-01-06,VEN,70-79 ,100,74,53,16,105
2021-01-06,VEN,80-89 ,75,232,2,5,300
2021-01-06,VEN,90+ ,25,239,0,0,264
2021-01-07,ABR,16-19,0,0,0,0,0
2021-01-07,ABR,20-29,51,129,179,1,0
2021-01-07,ABR,30-39,96,204,298,2,0
2021-01-07,ABR,40-49,128,328,446,10,0
2021-01-07,ABR,50-59,151,361,496,16,0
2021-01-07,ABR,60-69,137,121,250,8,0
2021-01-07,ABR,70-79,9,1,10,0,0
2021-01-07,ABR,80-89,0,0,0,0,0
2021-01-07,ABR,90+,0,0,0,0,0
2021-01-07,BAS,16-19,0,0,0,0,0
2021-01-07,BAS,20-29,14,21,34,1,0
2021-01-07,BAS,30-39,36,36,71,0,1
2021-01-07,BAS,40-49,61,85,141,3,2
2021-01-07,BAS,50-59,91,102,190,2,1
2021-01-07,BAS,60-69,109,65,171,1,2
2021-01-07,BAS,70-79,8,3,5,1,5
2021-01-07,BAS,80-89,5,5,0,0,10
2021-01-07,BAS,90+,1,5,0,0,6
2021-01-07,CAL,16-19,0,0,0,0,0
2021-01-07,CAL,20-29,74,84,128,30,0
2021-01-07,CAL,30-39,220,246,434,32,0
2021-01-07,CAL,40-49,254,310,487,77,0
2021-01-07,CAL,50-59,411,532,851,92,0
2021-01-07,CAL,60-69,441,276,650,67,0
2021-01-07,CAL,70-79,25,2,26,1,0
2021-01-07,CAL,80-89,1,4,3,2,0
2021-01-07,CAL,90+,0,0,0,0,0
2021-01-07,CAM,16-19,3,2,5,0,0
2021-01-07,CAM,20-29,204,354,499,59,0
2021-01-07,CAM,30-39,654,813,1285,182,0
2021-01-07,CAM,40-49,645,1055,1453,244,3
2021-01-07,CAM,50-59,1148,1441,2096,474,19
2021-01-07,CAM,60-69,1265,831,1717,353,26
2021-01-07,CAM,70-79,157,45,107,19,76
2021-01-07,CAM,80-89,48,97,13,10,122
2021-01-07,CAM,90+,15,71,1,3,82
2021-01-07,EMR,16-19,2,4,2,4,0
2021-01-07,EMR,20-29,695,280,694,279,2
2021-01-07,EMR,30-39,1058,671,1198,529,2
2021-01-07,EMR,40-49,1572,614,1510,670,6
2021-01-07,EMR,50-59,1856,681,1706,811,20
2021-01-07,EMR,60-69,762,584,823,491,32
2021-01-07,EMR,70-79,99,280,101,159,119
2021-01-07,EMR,80-89,256,126,9,95,278
2021-01-07,EMR,90+,290,51,2,73,266
2021-01-07,FVG,16-19,0,2,0,2,0
2021-01-07,FVG,20-29,93,180,197,76,0
2021-01-07,FVG,30-39,131,247,325,53,0
2021-01-07,FVG,40-49,135,345,418,62,0
2021-01-07,FVG,50-59,157,404,476,83,2
2021-01-07,FVG,60-69,125,126,214,33,4
2021-01-07,FVG,70-79,41,12,30,5,18
2021-01-07,FVG,80-89,25,22,8,1,38
2021-01-07,FVG,90+,10,33,0,0,43
2021-01-07,LAZ,16-19,8,10,16,0,2
2021-01-07,LAZ,20-29,297,555,793,58,1
2021-01-07,LAZ,30-39,490,822,1168,141,3
2021-01-07,LAZ,40-49,508,1089,1370,212,15
2021-01-07,LAZ,50-59,697,1273,1616,317,37
2021-01-07,LAZ,60-69,570,604,991,120,63
2021-01-07,LAZ,70-79,98,81,68,17,94
2021-01-07,LAZ,80-89,49,158,14,21,172
2021-01-07,LAZ,90+,29,104,9,15,109
2021-01-07,LIG,16-19,3,2,1,4,0
2021-01-07,LIG,20-29,72,167,185,54,0
2021-01-07,LIG,30-39,164,250,348,65,1
2021-01-07,LIG,40-49,183,477,559,99,2
2021-01-07,LIG,50-59,287,654,761,169,11
2021-01-07,LIG,60-69,242,218,360,83,17
2021-01-07,LIG,70-79,56,51,12,23,72
2021-01-07,LIG,80-89,45,148,1,5,187
2021-01-07,LIG,90+,27,132,2,0,157
2021-01-07,LOM,16-19,3,7,7,3,0
2021-01-07,LOM,20-29,355,760,1012,103,0
2021-01-07,LOM,30-39,673,1191,1683,181,0
2021-01-07,LOM,40-49,669,1729,2124,273,1
2021-01-07,LOM,50-59,952,2445,2883,509,5
2021-01-07,LOM,60-69,593,688,1069,190,22
2021-01-07,LOM,70-79,74,62,51,11,74
2021-01-07,LOM,80-89,48,191,2,2,235
2021-01-07,LOM,90+,31,192,0,0,223
2021-01-07,MAR,16-19,0,0,0,0,0
2021-01-07,MAR,20-29,73,146,201,18,0
2021-01-07,MAR,30-39,185,271,424,32,0
2021-01-07,MAR,40-49,153,352,462,43,0
2021-01-07,MAR,50-59,186,409,504,91,0
2021-01-07,MAR,60-69,121,129,215,35,0
2021-01-07,MAR,70-79,23,1,23,1,0
2021-01-07,MAR,80-89,0,0,0,0,0
2021-01-07,MAR,90+,0,0,0,0,0
2021-01-07,MOL,16-19,0,0,0,0,0
2021-01-07,MOL,20-29,14,12,19,7,0
2021-01-07,MOL,30-39,30,31,51,10,0
2021-01-07,MOL,40-49,32,62,80,14,0
2021-01-07,MOL,50-59,52,114,145,20,1
2021-01-07,MOL,60-69,45,59,90,6,8
2021-01-07,MOL,70-79,11,12,1,1,21
2021-01-07,MOL,80-89,16,44,0,3,57
2021-01-07,MOL,90+,8,52,0,1,59
2021-01-07,PAB,16-19,0,2,0,2,0
2021-01-07,PAB,20-29,31,43,55,19,0
2021-01-07,PAB,30-39,43,80,100,23,0
2021-01-07,PAB,40-49,62,160,176,46,0
2021-01-07,PAB,50-59,92,193,184,101,0
2021-01-07,PAB,60-69,42,35,56,21,0
2021-01-07,PAB,70-79,5,3,2,1,5
2021-01-07,PAB,80-89,6,10,0,0,16
2021-01-07,PAB,90+,4,3,0,0,7
2021-01-07,PAT,16-19,0,2,1,1,0
2021-01-07,PAT,20-29,20,89,104,5,0
2021-01-07,PAT,30-39,47,77,117,7,0
2021-01-07,PAT,40-49,52,138,175,15,0
2021-01-07,PAT,50-59,52,168,196,16,8
2021-01-07,PAT,60-69,26,57,51,6,26
2021-01-07,PAT,70-79,37,60,3,5,89
2021-01-07,PAT,80-89,56,190,1,9,236
2021-01-07,PAT,90+,20,180,0,6,194
2021-01-07,PIE,16-19,11,10,19,2,0
2021-01-07,PIE,20-29,166,338,448,56,0
2021-01-07,PIE,30-39,313,524,752,85,0
2021-01-07,PIE,40-49,298,886,1012,172,0
2021-01-07,PIE,50-59,472,1255,1334,393,0
2021-01-07,PIE,60-69,325,328,506,140,7
2021-01-07,PIE,70-79,52,17,29,18,22
2021-01-07,PIE,80-89,31,62,4,2,87
2021-01-07,PIE,90+,4,50,1,0,53
2021-01-07,PUG,16-19,2,0,2,0,0
2021-01-07,PUG,20-29,134,283,408,9,0
2021-01-07,PUG,30-39,385,499,847,37,0
2021-01-07,PUG,40-49,448,749,1116,79,2
2021-01-07,PUG,50-59,623,865,1386,101,1
2021-01-07,PUG,60-69,534,384,820,88,10
2021-01-07,PUG,70-79,33,31,25,0,39
2021-01-07,PUG,80-89,21,89,5,1,104
2021-01-07,PUG,90+,12,47,0,0,59
2021-01-07,SAR,16-19,0,1,1,0,0
2021-01-07,SAR,20-29,79,159,222,16,0
2021-01-07,SAR,30-39,186,340,456,70,0
2021-01-07,SAR,40-49,215,456,563,108,0
2021-01-07,SAR,50-59,277,665,806,136,0
2021-01-07,SAR,60-69,205,240,397,48,0
2021-01-07,SAR,70-79,4,1,4,1,0
2021-01-07,SAR,80-89,0,0,0,0,0
2021-01-07,SAR,90+,0,0,0,0,0
2021-01-07,SIC,16-19,6,9,10,5,0
2021-01-07,SIC,20-29,319,492,714,96,1
2021-01-07,SIC,30-39,607,781,1218,170,0
2021-01-07,SIC,40-49,734,1037,1468,300,3
2021-01-07,SIC,50-59,1080,1353,2027,396,10
2021-01-07,SIC,60-69,1032,787,1593,211,15
2021-01-07,SIC,70-79,119,37,103,19,34
2021-01-07,SIC,80-89,38,72,13,5,92
2021-01-07,SIC,90+,9,51,1,2,57
2021-01-07,TOS,16-19,7,23,26,0,4
2021-01-07,TOS,20-29,291,697,977,1,10
2021-01-07,TOS,30-39,297,636,909,9,15
2021-01-07,TOS,40-49,328,964,1247,5,40
2021-01-07,TOS,50-59,424,1181,1523,9,73
2021-01-07,TOS,60-69,266,388,590,6,58
2021-01-07,TOS,70-79,46,47,21,0,72
2021-01-07,TOS,80-89,49,168,4,0,213
2021-01-07,TOS,90+,33,138,1,0,170
2021-01-07,UMB,16-19,0,0,0,0,0
2021-01-07,UMB,20-29,13,44,56,1,0
2021-01-07,UMB,30-39,56,129,185,0,0
2021-01-07,UMB,40-49,68,153,217,3,1
2021-01-07,UMB,50-59,94,266,339,1,20
2021-01-07,UMB,60-69,70,75,106,1,38
2021-01-07,UMB,70-79,35,39,3,0,71
2021-01-07,UMB,80-89,54,164,0,0,218
2021-01-07,UMB,90+,15,131,0,0,146
2021-01-07,VDA,16-19,0,0,0,0,0
2021-01-07,VDA,20-29,12,14,26,0,0
2021-01-07,VDA,30-39,20,30,50,0,0
2021-01-07,VDA,40-49,25,50,75,0,0
2021-01-07,VDA,50-59,24,56,79,0,1
2021-01-07,VDA,60-69,27,13,39,0,1
2021-01-07,VDA,70-79,4,2,4,0,2
2021-01-07,VDA,80-89,1,1,0,0,2
2021-01-07,VDA,90+,0,0,0,0,0
2021-01-07,VEN,16-19 ,0,5,2,3,0
2021-01-07,VEN,20-29 ,242,550,746,46,0
2021-01-07,VEN,30-39 ,326,708,936,96,2
2021-01-07,VEN,40-49 ,376,1173,1314,225,10
2021-01-07,VEN,50-59 ,542,1595,1723,382,32
2021-01-07,VEN,60-69 ,352,428,581,88,111
2021-01-07,VEN,70-79 ,158,199,33,10,314
2021-01-07,VEN,80-89 ,180,563,4,7,732
2021-01-07,VEN,90+ ,60,538,2,0,596
2021-01-08,ABR,16-19,0,0,0,0,0
2021-01-08,ABR,20-29,44,96,140,0,0
2021-01-08,ABR,30-39,97,186,277,6,0
2021-01-08,ABR,40-49,119,271,382,8,0
2021-01-08,ABR,50-59,139,359,480,18,0
2021-01-08,ABR,60-69,125,183,302,6,0
2021-01-08,ABR,70-79,14,3,13,4,0
2021-01-08,ABR,80-89,1,1,2,0,0
2021-01-08,ABR,90+,0,0,0,0,0
2021-01-08,BAS,16-19,0,0,0,0,0
2021-01-08,BAS,20-29,4,5,8,1,0
2021-01-08,BAS,30-39,14,32,44,2,0
2021-01-08,BAS,40-49,26,37,51,11,1
2021-01-08,BAS,50-59,32,51,76,6,1
2021-01-08,BAS,60-69,59,43,96,3,3
2021-01-08,BAS,70-79,3,4,0,0,7
2021-01-08,BAS,80-89,3,13,0,0,16
2021-01-08,BAS,90+,2,9,0,0,11
2021-01-08,CAL,16-19,0,0,0,0,0
2021-01-08,CAL,20-29,23,33,46,10,0
2021-01-08,CAL,30-39,94,91,171,14,0
2021-01-08,CAL,40-49,111,160,237,34,0
2021-01-08,CAL,50-59,203,226,391,38,0
2021-01-08,CAL,60-69,179,145,302,22,0
2021-01-08,CAL,70-79,21,3,23,1,0
2021-01-08,CAL,80-89,1,0,1,0,0
2021-01-08,CAL,90+,0,0,0,0,0
2021-01-08,CAM,16-19,1,7,4,4,0
2021-01-08,CAM,20-29,413,576,774,214,1
2021-01-08,CAM,30-39,810,933,1385,358,0
2021-01-08,CAM,40-49,932,1293,1687,533,5
2021-01-08,CAM,50-59,1224,1521,2073,662,10
2021-01-08,CAM,60-69,1318,890,1734,453,21
2021-01-08,CAM,70-79,160,63,122,62,39
2021-01-08,CAM,80-89,34,73,13,15,79
2021-01-08,CAM,90+,10,48,0,2,56
2021-01-08,EMR,16-19,4,5,3,6,0
2021-01-08,EMR,20-29,764,336,727,373,0
2021-01-08,EMR,30-39,1123,624,1199,547,1
2021-01-08,EMR,40-49,1529,658,1505,679,3
2021-01-08,EMR,50-59,1990,694,1751,913,20
2021-01-08,EMR,60-69,798,698,863,573,60
2021-01-08,EMR,70-79,126,265,135,140,116
2021-01-08,EMR,80-89,253,111,12,65,287
2021-01-08,EMR,90+,280,47,1,62,264
2021-01-08,FVG,16-19,1,1,1,1,0
2021-01-08,FVG,20-29,99,198,186,110,1
2021-01-08,FVG,30-39,122,198,264,56,0
2021-01-08,FVG,40-49,115,332,378,69,0
2021-01-08,FVG,50-59,129,407,439,89,8
2021-01-08,FVG,60-69,141,126,226,30,11
2021-01-08,FVG,70-79,63,34,44,9,44
2021-01-08,FVG,80-89,22,67,3,0,86
2021-01-08,FVG,90+,10,81,0,1,90
2021-01-08,LAZ,16-19,5,18,21,2,0
2021-01-08,LAZ,20-29,344,598,874,62,6
2021-01-08,LAZ,30-39,464,813,1116,153,8
2021-01-08,LAZ,40-49,471,1003,1247,194,33
2021-01-08,LAZ,50-59,638,1137,1472,248,55
2021-01-08,LAZ,60-69,547,513,850,117,93
2021-01-08,LAZ,70-79,115,88,44,36,123
2021-01-08,LAZ,80-89,82,210,13,28,251
2021-01-08,LAZ,90+,19,140,0,2,157
2021-01-08,LIG,16-19,4,6,4,6,0
2021-01-08,LIG,20-29,84,148,172,59,1
2021-01-08,LIG,30-39,135,216,291,57,3
2021-01-08,LIG,40-49,188,373,457,86,18
2021-01-08,LIG,50-59,252,606,723,112,23
2021-01-08,LIG,60-69,207,216,325,82,16
2021-01-08,LIG,70-79,50,24,12,18,44
2021-01-08,LIG,80-89,36,86,2,5,115
2021-01-08,LIG,90+,11,95,0,0,106
2021-01-08,LOM,16-19,4,3,2,5,0
2021-01-08,LOM,20-29,366,895,1103,158,0
2021-01-08,LOM,30-39,680,1283,1739,223,1
2021-01-08,LOM,40-49,716,1904,2283,335,2
2021-01-08,LOM,50-59,920,2717,3105,525,7
2021-01-08,LOM,60-69,623,672,1097,180,18
2021-01-08,LOM,70-79,101,53,79,26,49
2021-01-08,LOM,80-89,43,119,5,2,155
2021-01-08,LOM,90+,11,95,0,1,105
2021-01-08,MAR,16-19,0,1,0,1,0
2021-01-08,MAR,20-29,58,119,163,14,0
2021-01-08,MAR,30-39,138,196,297,33,4
2021-01-08,MAR,40-49,123,254,315,54,8
2021-01-08,MAR,50-59,133,312,350,87,8
2021-01-08,MAR,60-69,104,98,169,30,3
2021-01-08,MAR,70-79,31,1,27,4,1
2021-01-08,MAR,80-89,3,0,1,1,1
2021-01-08,MAR,90+,1,0,1,0,0
2021-01-08,MOL,16-19,0,1,0,1,0
2021-01-08,MOL,20-29,5,4,3,5,1
2021-01-08,MOL,30-39,11,17,20,6,2
2021-01-08,MOL,40-49,20,45,45,18,2
2021-01-08,MOL,50-59,38,82,85,31,4
2021-01-08,MOL,60-69,42,57,79,12,8
2021-01-08,MOL,70-79,3,7,2,1,7
2021-01-08,MOL,80-89,14,37,0,1,50
2021-01-08,MOL,90+,7,39,0,0,46
2021-01-08,PAB,16-19,1,1,0,2,0
2021-01-08,PAB,20-29,31,66,77,20,0
2021-01-08,PAB,30-39,64,117,160,21,0
2021-01-08,PAB,40-49,77,205,220,62,0
2021-01-08,PAB,50-59,108,227,220,111,4
2021-01-08,PAB,60-69,48,84,72,35,25
2021-01-08,PAB,70-79,33,33,6,1,59
2021-01-08,PAB,80-89,42,81,1,0,122
2021-01-08,PAB,90+,18,70,0,0,88
2021-01-08,PAT,16-19,0,1,1,0,0
2021-01-08,PAT,20-29,27,92,112,6,1
2021-01-08,PAT,30-39,49,94,122,21,0
2021-01-08,PAT,40-49,47,206,218,31,4
2021-01-08,PAT,50-59,61,258,247,61,11
2021-01-08,PAT,60-69,52,90,102,16,24
2021-01-08,PAT,70-79,41,55,11,7,78
2021-01-08,PAT,80-89,37,171,0,3,205
2021-01-08,PAT,90+,18,190,0,5,203
2021-01-08,PIE,16-19,6,1,6,1,0
2021-01-08,PIE,20-29,177,377,467,86,1
2021-01-08,PIE,30-39,313,564,751,126,0
2021-01-08,PIE,40-49,339,862,982,218,1
2021-01-08,PIE,50-59,442,1226,1255,405,8
2021-01-08,PIE,60-69,317,367,514,156,14
2021-01-08,PIE,70-79,66,37,34,17,52
2021-01-08,PIE,80-89,35,122,6,1,150
2021-01-08,PIE,90+,9,75,2,0,82
2021-01-08,PUG,16-19,1,0,1,0,0
2021-01-08,PUG,20-29,183,284,444,23,0
2021-01-08,PUG,30-39,324,505,767,62,0
2021-01-08,PUG,40-49,384,640,939,84,1
2021-01-08,PUG,50-59,539,839,1250,125,3
2021-01-08,PUG,60-69,464,380,782,53,9
2021-01-08,PUG,70-79,37,19,21,6,29
2021-01-08,PUG,80-89,34,72,3,0,103
2021-01-08,PUG,90+,18,57,1,0,74
2021-01-08,SAR,16-19,1,0,1,0,0
2021-01-08,SAR,20-29,93,189,260,22,0
2021-01-08,SAR,30-39,217,364,528,53,0
2021-01-08,SAR,40-49,224,469,613,80,0
2021-01-08,SAR,50-59,380,701,975,106,0
2021-01-08,SAR,60-69,246,268,462,52,0
2021-01-08,SAR,70-79,21,3,20,4,0
2021-01-08,SAR,80-89,0,1,0,1,0
2021-01-08,SAR,90+,0,1,1,0,0
2021-01-08,SIC,16-19,7,6,10,3,0
2021-01-08,SIC,20-29,244,344,486,102,0
2021-01-08,SIC,30-39,491,616,906,201,0
2021-01-08,SIC,40-49,682,948,1293,336,1
2021-01-08,SIC,50-59,977,1271,1802,439,7
2021-01-08,SIC,60-69,840,664,1293,197,14
2021-01-08,SIC,70-79,156,60,143,35,38
2021-01-08,SIC,80-89,32,75,13,17,77
2021-01-08,SIC,90+,23,32,2,4,49
2021-01-08,TOS,16-19,6,18,24,0,0
2021-01-08,TOS,20-29,379,873,1245,3,4
2021-01-08,TOS,30-39,285,682,942,8,17
2021-01-08,TOS,40-49,271,911,1146,8,28
2021-01-08,TOS,50-59,336,1168,1450,16,38
2021-01-08,TOS,60-69,234,328,518,4,40
2021-01-08,TOS,70-79,54,40,24,0,70
2021-01-08,TOS,80-89,42,121,5,0,158
2021-01-08,TOS,90+,16,103,0,0,119
2021-01-08,UMB,16-19,0,0,0,0,0
2021-01-08,UMB,20-29,22,50,72,0,0
2021-01-08,UMB,30-39,62,145,203,2,2
2021-01-08,UMB,40-49,67,153,217,1,2
2021-01-08,UMB,50-59,84,240,306,6,12
2021-01-08,UMB,60-69,70,96,154,0,12
2021-01-08,UMB,70-79,20,23,1,3,39
2021-01-08,UMB,80-89,28,65,0,0,93
2021-01-08,UMB,90+,12,43,0,0,55
2021-01-08,VDA,16-19,2,2,4,0,0
2021-01-08,VDA,20-29,11,21,32,0,0
2021-01-08,VDA,30-39,21,31,50,0,2
2021-01-08,VDA,40-49,21,36,56,0,1
2021-01-08,VDA,50-59,25,55,75,0,5
2021-01-08,VDA,60-69,22,14,36,0,0
2021-01-08,VDA,70-79,21,3,21,0,3
2021-01-08,VDA,80-89,5,4,1,0,8
2021-01-08,VDA,90+,2,3,0,0,5
2021-01-08,VEN,16-19 ,2,5,3,2,2
2021-01-08,VEN,20-29 ,282,612,759,113,22
2021-01-08,VEN,30-39 ,389,827,1024,177,15
2021-01-08,VEN,40-49 ,458,1414,1495,342,35
2021-01-08,VEN,50-59 ,652,1941,1958,529,106
2021-01-08,VEN,60-69 ,558,589,771,184,192
2021-01-08,VEN,70-79 ,172,183,62,15,278
2021-01-08,VEN,80-89 ,173,426,6,12,581
2021-01-08,VEN,90+ ,61,417,1,0,477
2021-01-09,ABR,16-19,0,0,0,0,0
2021-01-09,ABR,20-29,33,82,111,4,0
2021-01-09,ABR,30-39,86,156,238,4,0
2021-01-09,ABR,40-49,68,227,275,20,0
2021-01-09,ABR,50-59,122,271,373,20,0
2021-01-09,ABR,60-69,244,182,419,7,0
2021-01-09,ABR,70-79,12,0,12,0,0
2021-01-09,ABR,80-89,0,0,0,0,0
2021-01-09,ABR,90+,0,0,0,0,0
2021-01-09,BAS,16-19,0,0,0,0,0
2021-01-09,BAS,20-29,4,13,16,1,0
2021-01-09,BAS,30-39,22,48,65,5,0
2021-01-09,BAS,40-49,33,73,96,7,3
2021-01-09,BAS,50-59,46,89,115,10,10
2021-01-09,BAS,60-69,42,46,75,3,10
2021-01-09,BAS,70-79,4,3,0,0,7
2021-01-09,BAS,80-89,10,14,0,0,24
2021-01-09,BAS,90+,3,12,0,0,15
2021-01-09,CAL,16-19,0,0,0,0,0
2021-01-09,CAL,20-29,39,53,82,10,0
2021-01-09,CAL,30-39,122,123,218,27,0
2021-01-09,CAL,40-49,152,188,272,68,0
2021-01-09,CAL,50-59,279,318,494,103,0
2021-01-09,CAL,60-69,290,203,464,29,0
2021-01-09,CAL,70-79,12,0,9,3,0
2021-01-09,CAL,80-89,2,0,1,1,0
2021-01-09,CAL,90+,0,0,0,0,0
2021-01-09,CAM,16-19,4,3,4,3,0
2021-01-09,CAM,20-29,330,557,736,151,0
2021-01-09,CAM,30-39,831,958,1444,345,0
2021-01-09,CAM,40-49,798,1077,1457,410,8
2021-01-09,CAM,50-59,1073,1384,1949,484,24
2021-01-09,CAM,60-69,1308,798,1756,310,40
2021-01-09,CAM,70-79,206,59,180,42,43
2021-01-09,CAM,80-89,46,81,20,12,95
2021-01-09,CAM,90+,13,48,1,1,59
2021-01-09,EMR,16-19,8,6,5,9,0
2021-01-09,EMR,20-29,682,328,681,329,0
2021-01-09,EMR,30-39,959,513,1045,426,1
2021-01-09,EMR,40-49,1264,528,1234,551,7
2021-01-09,EMR,50-59,1615,645,1443,794,23
2021-01-09,EMR,60-69,761,647,917,462,29
2021-01-09,EMR,70-79,97,266,153,139,71
2021-01-09,EMR,80-89,199,109,16,74,218
2021-01-09,EMR,90+,251,42,0,80,213
2021-01-09,FVG,16-19,4,9,2,11,0
2021-01-09,FVG,20-29,141,286,175,251,1
2021-01-09,FVG,30-39,93,176,200,68,1
2021-01-09,FVG,40-49,100,295,287,105,3
2021-01-09,FVG,50-59,149,347,327,142,27
2021-01-09,FVG,60-69,136,145,185,44,52
2021-01-09,FVG,70-79,91,57,44,8,96
2021-01-09,FVG,80-89,38,112,2,3,145
2021-01-09,FVG,90+,14,102,1,0,115
2021-01-09,LAZ,16-19,11,9,11,8,1
2021-01-09,LAZ,20-29,322,515,712,115,10
2021-01-09,LAZ,30-39,389,638,858,147,22
2021-01-09,LAZ,40-49,421,651,830,181,61
2021-01-09,LAZ,50-59,530,874,1072,267,65
2021-01-09,LAZ,60-69,506,486,801,135,56
2021-01-09,LAZ,70-79,106,93,59,66,74
2021-01-09,LAZ,80-89,89,154,7,44,192
2021-01-09,LAZ,90+,26,119,1,1,143
2021-01-09,LIG,16-19,0,3,1,2,0
2021-01-09,LIG,20-29,25,46,44,27,0
2021-01-09,LIG,30-39,42,79,92,29,0
2021-01-09,LIG,40-49,54,102,124,31,1
2021-01-09,LIG,50-59,88,193,217,59,5
2021-01-09,LIG,60-69,103,99,150,33,19
2021-01-09,LIG,70-79,21,18,3,11,25
2021-01-09,LIG,80-89,14,29,0,1,42
2021-01-09,LIG,90+,1,20,0,1,20
2021-01-09,LOM,16-19,9,23,10,22,0
2021-01-09,LOM,20-29,481,957,1142,293,3
2021-01-09,LOM,30-39,772,1255,1647,373,7
2021-01-09,LOM,40-49,763,1746,1989,498,22
2021-01-09,LOM,50-59,1160,2417,2745,815,17
2021-01-09,LOM,60-69,1019,913,1520,399,13
2021-01-09,LOM,70-79,169,67,142,86,8
2021-01-09,LOM,80-89,16,56,7,11,54
2021-01-09,LOM,90+,7,32,0,4,35
2021-01-09,MAR,16-19,2,0,2,0,0
2021-01-09,MAR,20-29,59,122,150,31,0
2021-01-09,MAR,30-39,87,150,209,28,0
2021-01-09,MAR,40-49,109,270,321,58,0
2021-01-09,MAR,50-59,140,353,394,99,0
2021-01-09,MAR,60-69,179,201,338,42,0
2021-01-09,MAR,70-79,30,8,37,1,0
2021-01-09,MAR,80-89,1,0,1,0,0
2021-01-09,MAR,90+,0,0,0,0,0
2021-01-09,MOL,16-19,0,0,0,0,0
2021-01-09,MOL,20-29,4,8,7,5,0
2021-01-09,MOL,30-39,10,20,24,5,1
2021-01-09,MOL,40-49,15,36,40,10,1
2021-01-09,MOL,50-59,41,79,87,27,6
2021-01-09,MOL,60-69,27,31,38,9,11
2021-01-09,MOL,70-79,2,6,0,0,8
2021-01-09,MOL,80-89,14,33,1,0,46
2021-01-09,MOL,90+,39,84,17,1,105
2021-01-09,PAB,16-19,0,1,0,1,0
2021-01-09,PAB,20-29,10,12,6,16,0
2021-01-09,PAB,30-39,25,26,13,37,1
2021-01-09,PAB,40-49,15,25,13,20,7
2021-01-09,PAB,50-59,33,31,19,42,3
2021-01-09,PAB,60-69,29,14,3,28,12
2021-01-09,PAB,70-79,10,18,1,1,26
2021-01-09,PAB,80-89,13,24,0,1,36
2021-01-09,PAB,90+,4,18,0,0,22
2021-01-09,PAT,16-19,0,0,0,0,0
2021-01-09,PAT,20-29,2,9,11,0,0
2021-01-09,PAT,30-39,7,13,16,3,1
2021-01-09,PAT,40-49,9,35,38,5,1
2021-01-09,PAT,50-59,7,59,61,3,2
2021-01-09,PAT,60-69,7,9,14,2,0
2021-01-09,PAT,70-79,8,2,3,0,7
2021-01-09,PAT,80-89,0,3,0,0,3
2021-01-09,PAT,90+,0,16,0,0,16
2021-01-09,PIE,16-19,18,19,32,5,0
2021-01-09,PIE,20-29,238,540,670,108,0
2021-01-09,PIE,30-39,306,540,705,141,0
2021-01-09,PIE,40-49,337,768,868,234,3
2021-01-09,PIE,50-59,496,1093,1194,388,7
2021-01-09,PIE,60-69,504,449,745,186,22
2021-01-09,PIE,70-79,133,72,115,39,51
2021-01-09,PIE,80-89,43,126,8,11,150
2021-01-09,PIE,90+,19,120,1,1,137
2021-01-09,PUG,16-19,2,1,1,2,0
2021-01-09,PUG,20-29,153,310,451,12,0
2021-01-09,PUG,30-39,275,434,688,18,3
2021-01-09,PUG,40-49,364,578,884,46,12
2021-01-09,PUG,50-59,539,739,1203,62,13
2021-01-09,PUG,60-69,862,442,1237,39,28
2021-01-09,PUG,70-79,53,40,27,1,65
2021-01-09,PUG,80-89,45,58,5,0,98
2021-01-09,PUG,90+,16,48,4,0,60
2021-01-09,SAR,16-19,1,1,1,1,0
2021-01-09,SAR,20-29,87,215,267,35,0
2021-01-09,SAR,30-39,232,422,531,123,0
2021-01-09,SAR,40-49,288,652,714,226,0
2021-01-09,SAR,50-59,423,899,1039,283,0
2021-01-09,SAR,60-69,363,401,628,136,0
2021-01-09,SAR,70-79,10,3,11,2,0
2021-01-09,SAR,80-89,2,1,0,3,0
2021-01-09,SAR,90+,0,1,1,0,0
2021-01-09,SIC,16-19,9,4,9,4,0
2021-01-09,SIC,20-29,295,388,523,159,1
2021-01-09,SIC,30-39,486,567,770,283,0
2021-01-09,SIC,40-49,593,792,955,425,5
2021-01-09,SIC,50-59,768,959,1239,478,10
2021-01-09,SIC,60-69,714,525,960,243,36
2021-01-09,SIC,70-79,161,71,141,48,43
2021-01-09,SIC,80-89,62,130,15,33,144
2021-01-09,SIC,90+,23,84,6,16,85
2021-01-09,TOS,16-19,20,57,74,3,0
2021-01-09,TOS,20-29,256,582,816,18,4
2021-01-09,TOS,30-39,242,400,600,25,17
2021-01-09,TOS,40-49,214,584,731,37,30
2021-01-09,TOS,50-59,255,635,810,27,53
2021-01-09,TOS,60-69,441,338,692,24,63
2021-01-09,TOS,70-79,81,45,49,6,71
2021-01-09,TOS,80-89,52,106,4,0,154
2021-01-09,TOS,90+,19,95,0,0,114
2021-01-09,UMB,16-19,0,0,0,0,0
2021-01-09,UMB,20-29,24,49,73,0,0
2021-01-09,UMB,30-39,61,127,181,2,5
2021-01-09,UMB,40-49,64,159,210,1,12
2021-01-09,UMB,50-59,73,244,300,3,14
2021-01-09,UMB,60-69,92,105,126,3,68
2021-01-09,UMB,70-79,54,87,3,5,133
2021-01-09,UMB,80-89,84,259,1,0,342
2021-01-09,UMB,90+,27,164,0,0,191
2021-01-09,VDA,16-19,4,0,4,0,0
2021-01-09,VDA,20-29,17,25,42,0,0
2021-01-09,VDA,30-39,19,34,53,0,0
2021-01-09,VDA,40-49,39,62,96,0,5
2021-01-09,VDA,50-59,58,82,138,0,2
2021-01-09,VDA,60-69,37,22,57,0,2
2021-01-09,VDA,70-79,23,7,24,0,6
2021-01-09,VDA,80-89,1,6,0,0,7
2021-01-09,VDA,90+,1,6,0,0,7
2021-01-09,VEN,16-19 ,6,6,1,10,1
2021-01-09,VEN,20-29 ,246,507,634,114,5
2021-01-09,VEN,30-39 ,348,631,784,181,14
2021-01-09,VEN,40-49 ,357,1081,1094,320,24
2021-01-09,VEN,50-59 ,526,1492,1539,385,94
2021-01-09,VEN,60-69 ,602,541,830,167,146
2021-01-09,VEN,70-79 ,181,163,37,54,253
2021-01-09,VEN,80-89 ,143,411,6,20,528
2021-01-09,VEN,90+ ,55,344,3,7,389
2021-01-10,ABR,16-19,0,4,3,1,0
2021-01-10,ABR,20-29,36,70,104,2,0
2021-01-10,ABR,30-39,68,121,187,2,0
2021-01-10,ABR,40-49,65,178,231,12,0
2021-01-10,ABR,50-59,103,231,324,10,0
2021-01-10,ABR,60-69,119,104,211,12,0
2021-01-10,ABR,70-79,1,1,2,0,0
2021-01-10,ABR,80-89,2,0,2,0,0
2021-01-10,ABR,90+,0,0,0,0,0
2021-01-10,CAL,16-19,0,0,0,0,0
2021-01-10,CAL,20-29,13,24,29,8,0
2021-01-10,CAL,30-39,40,54,64,30,0
2021-01-10,CAL,40-49,75,88,99,64,0
2021-01-10,CAL,50-59,112,119,124,107,0
2021-01-10,CAL,60-69,76,46,66,56,0
2021-01-10,CAL,70-79,1,0,1,0,0
2021-01-10,CAL,80-89,0,0,0,0,0
2021-01-10,CAL,90+,0,0,0,0,0
2021-01-10,EMR,16-19,11,4,6,9,0
2021-01-10,EMR,20-29,434,210,471,173,0
2021-01-10,EMR,30-39,357,234,387,203,1
2021-01-10,EMR,40-49,429,261,443,245,2
2021-01-10,EMR,50-59,559,260,513,304,2
2021-01-10,EMR,60-69,241,260,313,182,6
2021-01-10,EMR,70-79,38,101,63,56,20
2021-01-10,EMR,80-89,50,32,10,14,58
2021-01-10,EMR,90+,63,7,1,6,63
2021-01-10,LAZ,16-19,23,20,25,10,8
2021-01-10,LAZ,20-29,265,434,562,112,25
2021-01-10,LAZ,30-39,277,397,497,174,3
2021-01-10,LAZ,40-49,201,442,453,190,0
2021-01-10,LAZ,50-59,329,478,612,191,4
2021-01-10,LAZ,60-69,400,306,603,73,30
2021-01-10,LAZ,70-79,49,39,34,9,45
2021-01-10,LAZ,80-89,32,63,4,3,88
2021-01-10,LAZ,90+,11,31,0,0,42
2021-01-10,LIG,16-19,0,0,0,0,0
2021-01-10,LIG,20-29,11,12,4,19,0
2021-01-10,LIG,30-39,13,5,8,10,0
2021-01-10,LIG,40-49,11,9,9,11,0
2021-01-10,LIG,50-59,26,23,17,32,0
2021-01-10,LIG,60-69,25,15,12,23,5
2021-01-10,LIG,70-79,11,9,2,7,11
2021-01-10,LIG,80-89,5,17,0,2,20
2021-01-10,LIG,90+,4,15,0,2,17
2021-01-10,LOM,16-19,16,35,36,15,0
2021-01-10,LOM,20-29,433,757,960,223,7
2021-01-10,LOM,30-39,497,800,1001,292,4
2021-01-10,LOM,40-49,537,1076,1213,387,13
2021-01-10,LOM,50-59,729,1456,1667,507,11
2021-01-10,LOM,60-69,702,610,1051,231,30
2021-01-10,LOM,70-79,141,60,130,43,28
2021-01-10,LOM,80-89,5,7,5,3,4
2021-01-10,LOM,90+,0,1,1,0,0
2021-01-10,MAR,16-19,2,2,4,0,0
2021-01-10,MAR,20-29,55,100,138,14,3
2021-01-10,MAR,30-39,99,175,246,27,1
2021-01-10,MAR,40-49,138,282,353,64,3
2021-01-10,MAR,50-59,185,341,409,115,2
2021-01-10,MAR,60-69,195,151,313,33,0
2021-01-10,MAR,70-79,29,4,33,0,0
2021-01-10,MAR,80-89,2,0,2,0,0
2021-01-10,MAR,90+,0,0,0,0,0
2021-01-10,MOL,16-19,0,0,0,0,0
2021-01-10,MOL,20-29,0,1,1,0,0
2021-01-10,MOL,30-39,3,9,10,2,0
2021-01-10,MOL,40-49,3,12,9,3,3
2021-01-10,MOL,50-59,11,14,15,4,6
2021-01-10,MOL,60-69,9,11,7,2,11
2021-01-10,MOL,70-79,4,19,2,0,21
2021-01-10,MOL,80-89,11,56,0,0,67
2021-01-10,MOL,90+,31,75,38,8,60
2021-01-10,PIE,16-19,30,36,64,2,0
2021-01-10,PIE,20-29,312,495,742,65,0
2021-01-10,PIE,30-39,279,323,497,104,1
2021-01-10,PIE,40-49,320,520,649,188,3
2021-01-10,PIE,50-59,400,515,697,213,5
2021-01-10,PIE,60-69,381,222,494,99,10
2021-01-10,PIE,70-79,157,65,160,26,36
2021-01-10,PIE,80-89,42,91,13,4,116
2021-01-10,PIE,90+,11,68,1,0,78
2021-01-10,PUG,16-19,1,0,1,0,0
2021-01-10,PUG,20-29,32,53,84,1,0
2021-01-10,PUG,30-39,57,111,167,1,0
2021-01-10,PUG,40-49,88,153,231,10,0
2021-01-10,PUG,50-59,158,189,337,10,0
2021-01-10,PUG,60-69,193,105,295,3,0
2021-01-10,PUG,70-79,2,1,3,0,0
2021-01-10,PUG,80-89,0,2,2,0,0
2021-01-10,PUG,90+,0,0,0,0,0
2021-01-10,SAR,16-19,0,0,0,0,0
2021-01-10,SAR,20-29,17,27,35,9,0
2021-01-10,SAR,30-39,38,64,84,18,0
2021-01-10,SAR,40-49,52,125,115,62,0
2021-01-10,SAR,50-59,79,143,166,56,0
2021-01-10,SAR,60-69,78,79,133,24,0
2021-01-10,SAR,70-79,1,1,1,1,0
2021-01-10,SAR,80-89,0,1,0,1,0
2021-01-10,SAR,90+,0,0,0,0,0
2021-01-10,SIC,16-19,13,6,4,15,0
2021-01-10,SIC,20-29,136,133,175,93,1
2021-01-10,SIC,30-39,201,193,263,131,0
2021-01-10,SIC,40-49,188,331,284,231,4
2021-01-10,SIC,50-59,215,351,322,232,12
2021-01-10,SIC,60-69,238,201,312,108,19
2021-01-10,SIC,70-79,81,51,55,33,44
2021-01-10,SIC,80-89,100,170,4,84,182
2021-01-10,SIC,90+,34,107,0,13,128
2021-01-10,TOS,16-19,10,14,22,1,1
2021-01-10,TOS,20-29,138,262,376,23,1
2021-01-10,TOS,30-39,148,222,342,23,5
2021-01-10,TOS,40-49,134,323,433,17,7
2021-01-10,TOS,50-59,173,433,558,28,20
2021-01-10,TOS,60-69,277,200,440,19,18
2021-01-10,TOS,70-79,55,32,44,8,35
2021-01-10,TOS,80-89,31,93,4,7,113
2021-01-10,TOS,90+,8,78,0,3,83
2021-01-10,UMB,16-19,0,0,0,0,0
2021-01-10,UMB,20-29,11,30,41,0,0
2021-01-10,UMB,30-39,37,106,143,0,0
2021-01-10,UMB,40-49,43,111,154,0,0
2021-01-10,UMB,50-59,52,173,220,1,4
2021-01-10,UMB,60-69,36,60,89,0,7
2021-01-10,UMB,70-79,8,24,0,0,32
2021-01-10,UMB,80-89,27,44,0,0,71
2021-01-10,UMB,90+,7,46,0,0,53
2021-01-10,VDA,16-19,0,0,0,0,0
2021-01-10,VDA,20-29,4,15,19,0,0
2021-01-10,VDA,30-39,11,32,43,0,0
2021-01-10,VDA,40-49,15,36,51,0,0
2021-01-10,VDA,50-59,18,44,62,0,0
2021-01-10,VDA,60-69,15,14,23,0,6
2021-01-10,VDA,70-79,5,5,2,0,8
2021-01-10,VDA,80-89,2,2,0,0,4
2021-01-10,VDA,90+,1,1,0,0,2
2021-01-10,VEN,16-19 ,9,10,6,11,2
2021-01-10,VEN,20-29 ,196,381,481,95,1
2021-01-10,VEN,30-39 ,237,442,520,158,1
2021-01-10,VEN,40-49 ,244,701,692,252,1
2021-01-10,VEN,50-59 ,440,1024,1018,442,4
2021-01-10,VEN,60-69 ,337,365,486,192,24
2021-01-10,VEN,70-79 ,76,47,45,39,39
2021-01-10,VEN,80-89 ,38,91,45,1,83
2021-01-10,VEN,90+ ,9,73,22,0,60
